context,cutoff,targets,tested_genes_median,cells_median,cells_min,cells_max,ntc_cells,deg_mean,deg_median,deg_percent_median,deg_percent_mean
H1,0.0,297,10758.0,400.0,63,400,38176,1806.3063973063972,716.0,6.65551217698457,16.790313376836327
H1,0.5,297,10758.0,400.0,63,400,38176,256.75757575757575,31.0,0.2881576501208403,2.3866612778914567
K562,0.0,9319,8134.0,185.0,50,400,75328,83.59308938727331,1.0,0.012294074256208508,1.027694250261706
K562,0.5,9319,8134.0,185.0,50,400,75328,37.238652215902995,1.0,0.012294074256208508,0.45781223932271725
RPE1,0.0,1608,8678.0,97.0,50,400,11485,832.2095771144278,313.0,3.606821848352155,9.589808198595943
RPE1,0.5,1608,8678.0,97.0,50,400,11485,578.9303482587064,150.0,1.7284092930564012,6.671197442030099
HepG2,0.0,1059,9478.0,74.0,50,400,4976,830.0632672332389,183.0,1.9307870858830978,8.757762352767415
HepG2,0.5,1059,9478.0,74.0,50,400,4976,574.042492917847,89.0,0.9389176073425467,6.056561162049005
Jurkat,0.0,1811,8754.0,99.0,50,400,12013,403.0568746548868,83.0,0.9481379940598583,4.604232962520226
Jurkat,0.5,1811,8754.0,99.0,50,400,12013,195.65654334621755,32.0,0.36554717843271645,2.235040416243216
