id,group,action,path,allocated_GiB,allocated_bytes,size_bytes,sha256,retained_source,reason,recovery
A001,A,delete_replayable_temporary_baseline,experiments/exp003-context-module-cvae/outputs/20260925-lodo-priordiff-s17/cache/holdout-K562/official/baseline-counts.npy,37.223171,39968075776,39968067288,ca9305a1c84f524392ea7f6d2d317b06f279ae49545f068e14d95e71f21b7432,,未完成 bundle 的临时 baseline；原代码成功后即删除。已从重复响应向量和 NTC reference 完整重放并得到相同 SHA-256。,保存精确 NPY header 和 float32 响应向量；非 NTC 行广播该向量，NTC 行从保留 reference 按原身份取值；写回后验证整文件 SHA-256。无需训练、预测或评分。
A002,A,delete_replayable_temporary_baseline,experiments/exp003-context-module-cvae/outputs/20260925-lodo-response-s17/cache/holdout-K562/official/baseline-counts.npy,37.223171,39968075776,39968067288,ca9305a1c84f524392ea7f6d2d317b06f279ae49545f068e14d95e71f21b7432,,未完成 bundle 的临时 baseline；原代码成功后即删除。已从重复响应向量和 NTC reference 完整重放并得到相同 SHA-256。,保存精确 NPY header 和 float32 响应向量；非 NTC 行广播该向量，NTC 行从保留 reference 按原身份取值；写回后验证整文件 SHA-256。无需训练、预测或评分。
A003,A,delete_replayable_temporary_baseline,experiments/exp006/outputs/20260926-exp006-loco-residual-s17/cache/official/K562/mean-response-baseline.npy,58.041298,62321369088,62321356548,7e82738eaa0032fac4abc0d94f0bd1686c169034cf903cabda8630841c375d3d,,未完成 bundle 的临时 baseline；原代码成功后即删除。已从重复响应向量和 NTC reference 完整重放并得到相同 SHA-256。,保存精确 NPY header 和 float32 响应向量；非 NTC 行广播该向量，NTC 行从保留 reference 按原身份取值；写回后验证整文件 SHA-256。无需训练、预测或评分。
B001,B,replace_duplicate_with_readonly_hardlink,experiments/exp003-context-module-cvae/outputs/20260924-lodo-fixedlr-s17/cache/holdout-H1/official/real-metric-cache/de_wilcoxon_table-421f64448716e7a4.parquet,0.109917,118022144,118020523,a75d3ce93ae69fc5bbe90765c2edcfa796af60e6eddab5c55c3970eebd3143e1,experiments/exp004-shared-response/outputs/20260925-exp004-conditional-s17/cache/holdout-H1/official/real-metric-cache/de_wilcoxon_table-421f64448716e7a4.parquet,真实侧 DE 缓存与保留源完全相同；保留全部评分输出、anchors 和 bundle。,原路径仍可直接读取，无需重建；需要独立可写副本时先复制到新 inode 并校验哈希。
B002,B,replace_duplicate_with_readonly_hardlink,experiments/exp003-context-module-cvae/outputs/20260924-lodo-fixedlr-s17/cache/holdout-H1/official/reference-counts.npy,1.366837,1467629568,1467623688,a0dbb4a3bf6d8ecbd9b9d7693b3fec87c4d58215eb8dee4794cd683571e38c96,experiments/exp004-shared-response/outputs/20260925-exp004-conditional-s17/cache/holdout-H1/official/reference-counts.npy,评分 reference counts 与保留源完全相同；原 run 的观测身份和评分协议保留。,原路径仍可直接读取，无需重建；需要独立可写副本时先复制到新 inode 并校验哈希。
B003,B,replace_duplicate_with_readonly_hardlink,experiments/exp003-context-module-cvae/outputs/20260924-lodo-s17/cache/holdout-H1/official/real-metric-cache/de_wilcoxon_table-421f64448716e7a4.parquet,0.109917,118022144,118020523,a75d3ce93ae69fc5bbe90765c2edcfa796af60e6eddab5c55c3970eebd3143e1,experiments/exp004-shared-response/outputs/20260925-exp004-conditional-s17/cache/holdout-H1/official/real-metric-cache/de_wilcoxon_table-421f64448716e7a4.parquet,真实侧 DE 缓存与保留源完全相同；保留全部评分输出、anchors 和 bundle。,原路径仍可直接读取，无需重建；需要独立可写副本时先复制到新 inode 并校验哈希。
B004,B,replace_duplicate_with_readonly_hardlink,experiments/exp003-context-module-cvae/outputs/20260924-lodo-s17/cache/holdout-H1/official/reference-counts.npy,1.366837,1467629568,1467623688,a0dbb4a3bf6d8ecbd9b9d7693b3fec87c4d58215eb8dee4794cd683571e38c96,experiments/exp004-shared-response/outputs/20260925-exp004-conditional-s17/cache/holdout-H1/official/reference-counts.npy,评分 reference counts 与保留源完全相同；原 run 的观测身份和评分协议保留。,原路径仍可直接读取，无需重建；需要独立可写副本时先复制到新 inode 并校验哈希。
B005,B,replace_duplicate_with_readonly_hardlink,experiments/exp003-context-module-cvae/outputs/20260924-lodo-v2-s17/cache/holdout-H1/official/real-metric-cache/de_wilcoxon_table-421f64448716e7a4.parquet,0.109921,118026240,118020523,a75d3ce93ae69fc5bbe90765c2edcfa796af60e6eddab5c55c3970eebd3143e1,experiments/exp004-shared-response/outputs/20260925-exp004-conditional-s17/cache/holdout-H1/official/real-metric-cache/de_wilcoxon_table-421f64448716e7a4.parquet,真实侧 DE 缓存与保留源完全相同；保留全部评分输出、anchors 和 bundle。,原路径仍可直接读取，无需重建；需要独立可写副本时先复制到新 inode 并校验哈希。
B006,B,replace_duplicate_with_readonly_hardlink,experiments/exp003-context-module-cvae/outputs/20260924-lodo-v2-s17/cache/holdout-H1/official/reference-counts.npy,1.366837,1467629568,1467623688,a0dbb4a3bf6d8ecbd9b9d7693b3fec87c4d58215eb8dee4794cd683571e38c96,experiments/exp004-shared-response/outputs/20260925-exp004-conditional-s17/cache/holdout-H1/official/reference-counts.npy,评分 reference counts 与保留源完全相同；原 run 的观测身份和评分协议保留。,原路径仍可直接读取，无需重建；需要独立可写副本时先复制到新 inode 并校验哈希。
B007,B,replace_duplicate_with_readonly_hardlink,experiments/exp003-context-module-cvae/outputs/20260925-lodo-priordiff-s17/cache/holdout-H1/official/real-metric-cache/de_wilcoxon_table-421f64448716e7a4.parquet,0.109921,118026240,118020523,a75d3ce93ae69fc5bbe90765c2edcfa796af60e6eddab5c55c3970eebd3143e1,experiments/exp004-shared-response/outputs/20260925-exp004-conditional-s17/cache/holdout-H1/official/real-metric-cache/de_wilcoxon_table-421f64448716e7a4.parquet,真实侧 DE 缓存与保留源完全相同；保留全部评分输出、anchors 和 bundle。,原路径仍可直接读取，无需重建；需要独立可写副本时先复制到新 inode 并校验哈希。
B008,B,replace_duplicate_with_readonly_hardlink,experiments/exp003-context-module-cvae/outputs/20260925-lodo-priordiff-s17/cache/holdout-H1/official/reference-counts.npy,1.366837,1467629568,1467623688,a0dbb4a3bf6d8ecbd9b9d7693b3fec87c4d58215eb8dee4794cd683571e38c96,experiments/exp004-shared-response/outputs/20260925-exp004-conditional-s17/cache/holdout-H1/official/reference-counts.npy,评分 reference counts 与保留源完全相同；原 run 的观测身份和评分协议保留。,原路径仍可直接读取，无需重建；需要独立可写副本时先复制到新 inode 并校验哈希。
B009,B,replace_duplicate_with_readonly_hardlink,experiments/exp003-context-module-cvae/outputs/20260925-lodo-priordiff-s17/cache/holdout-K562/official/real-metric-cache/de_wilcoxon_table-5a4f4192389386f8.parquet,2.530552,2717159424,2717154803,1d5514e163ce9226a6add65e87d7368e70e337e363e6c2ae7e5c2fa1d0cc2b92,experiments/exp004-shared-response/outputs/20260925-exp004-conditional-s17/cache/holdout-K562/official/real-metric-cache/de_wilcoxon_table-5a4f4192389386f8.parquet,真实侧 DE 缓存与保留源完全相同；保留全部评分输出、anchors 和 bundle。,原路径仍可直接读取，无需重建；需要独立可写副本时先复制到新 inode 并校验哈希。
B010,B,replace_duplicate_with_readonly_hardlink,experiments/exp003-context-module-cvae/outputs/20260925-lodo-priordiff-s17/cache/holdout-K562/official/reference-counts.npy,18.611588,19984039936,19984033708,98be061aaaf7a01a3d746f6108b4a436228829d077013287e76699b6d8a3bc48,experiments/exp004-shared-response/outputs/20260925-exp004-conditional-s17/cache/holdout-K562/official/reference-counts.npy,评分 reference counts 与保留源完全相同；原 run 的观测身份和评分协议保留。,原路径仍可直接读取，无需重建；需要独立可写副本时先复制到新 inode 并校验哈希。
B011,B,replace_duplicate_with_readonly_hardlink,experiments/exp003-context-module-cvae/outputs/20260925-lodo-response-s17/cache/holdout-H1/official/real-metric-cache/de_wilcoxon_table-421f64448716e7a4.parquet,0.109921,118026240,118020523,a75d3ce93ae69fc5bbe90765c2edcfa796af60e6eddab5c55c3970eebd3143e1,experiments/exp004-shared-response/outputs/20260925-exp004-conditional-s17/cache/holdout-H1/official/real-metric-cache/de_wilcoxon_table-421f64448716e7a4.parquet,真实侧 DE 缓存与保留源完全相同；保留全部评分输出、anchors 和 bundle。,原路径仍可直接读取，无需重建；需要独立可写副本时先复制到新 inode 并校验哈希。
B012,B,replace_duplicate_with_readonly_hardlink,experiments/exp003-context-module-cvae/outputs/20260925-lodo-response-s17/cache/holdout-H1/official/reference-counts.npy,1.366837,1467629568,1467623688,a0dbb4a3bf6d8ecbd9b9d7693b3fec87c4d58215eb8dee4794cd683571e38c96,experiments/exp004-shared-response/outputs/20260925-exp004-conditional-s17/cache/holdout-H1/official/reference-counts.npy,评分 reference counts 与保留源完全相同；原 run 的观测身份和评分协议保留。,原路径仍可直接读取，无需重建；需要独立可写副本时先复制到新 inode 并校验哈希。
B013,B,replace_duplicate_with_readonly_hardlink,experiments/exp003-context-module-cvae/outputs/20260925-lodo-response-s17/cache/holdout-K562/official/real-metric-cache/de_wilcoxon_table-5a4f4192389386f8.parquet,2.530552,2717159424,2717154803,1d5514e163ce9226a6add65e87d7368e70e337e363e6c2ae7e5c2fa1d0cc2b92,experiments/exp004-shared-response/outputs/20260925-exp004-conditional-s17/cache/holdout-K562/official/real-metric-cache/de_wilcoxon_table-5a4f4192389386f8.parquet,真实侧 DE 缓存与保留源完全相同；保留全部评分输出、anchors 和 bundle。,原路径仍可直接读取，无需重建；需要独立可写副本时先复制到新 inode 并校验哈希。
B014,B,replace_duplicate_with_readonly_hardlink,experiments/exp003-context-module-cvae/outputs/20260925-lodo-response-s17/cache/holdout-K562/official/reference-counts.npy,18.611591,19984044032,19984033708,98be061aaaf7a01a3d746f6108b4a436228829d077013287e76699b6d8a3bc48,experiments/exp004-shared-response/outputs/20260925-exp004-conditional-s17/cache/holdout-K562/official/reference-counts.npy,评分 reference counts 与保留源完全相同；原 run 的观测身份和评分协议保留。,原路径仍可直接读取，无需重建；需要独立可写副本时先复制到新 inode 并校验哈希。
B015,B,replace_duplicate_with_readonly_hardlink,experiments/exp005/outputs/20260926-exp005-nested-residual-s17/cache/data/A/counts.npy,0.635181,682020864,682014528,0f134de12d0c51b1a25754d6d27e10a74a804bee70dcb9df9b2ca4d49fdfdf2a,experiments/exp007/outputs/20260927-exp007-h1-log2fc-s17/cache/official-export-data/A/counts.npy,跨 run 的 counts 矩阵与保留源 SHA-256 完全相同；本 run 的细胞身份、基因轴、统计和配置另行保留。,原路径仍可直接读取，无需重建；需要独立可写副本时先复制到新 inode 并校验哈希。
B016,B,replace_duplicate_with_readonly_hardlink,experiments/exp005/outputs/20260926-exp005-nested-residual-s17/cache/data/B/counts.npy,0.635181,682020864,682014528,77f00492d1e42f998c5b42139954bf6388c4cfee9f050cea11e8491a6534ebc0,experiments/exp007/outputs/20260927-exp007-h1-log2fc-s17/cache/official-export-data/B/counts.npy,跨 run 的 counts 矩阵与保留源 SHA-256 完全相同；本 run 的细胞身份、基因轴、统计和配置另行保留。,原路径仍可直接读取，无需重建；需要独立可写副本时先复制到新 inode 并校验哈希。
B017,B,replace_duplicate_with_readonly_hardlink,experiments/exp005/outputs/20260926-exp005-nested-residual-s17/cache/data/C/counts.npy,0.635181,682020864,682014528,336e33f976c527c9ca6146bb29742bbf340bb39dd3d0ea9d8e026d76623b4de6,experiments/exp007/outputs/20260927-exp007-h1-log2fc-s17/cache/official-export-data/C/counts.npy,跨 run 的 counts 矩阵与保留源 SHA-256 完全相同；本 run 的细胞身份、基因轴、统计和配置另行保留。,原路径仍可直接读取，无需重建；需要独立可写副本时先复制到新 inode 并校验哈希。
B018,B,replace_duplicate_with_readonly_hardlink,experiments/exp005/outputs/20260926-exp005-nested-residual-s17/cache/data/H1/counts.npy,13.88208,14905769984,14905761968,b748e6c340c6a608a6ed381f38e3aab7a24407001373bc8bea92097b1820528c,experiments/exp007/outputs/20260927-exp007-h1-log2fc-s17/cache/data/H1/counts.npy,跨 run 的 counts 矩阵与保留源 SHA-256 完全相同；本 run 的细胞身份、基因轴、统计和配置另行保留。,原路径仍可直接读取，无需重建；需要独立可写副本时先复制到新 inode 并校验哈希。
B019,B,replace_duplicate_with_readonly_hardlink,experiments/exp005/outputs/20260926-exp005-nested-residual-s17/cache/data/HepG2/counts.npy,1.844631,1980657664,1980652028,ba7404576f131e50d2aa4503738845b69054a822044d2a864ccf6a31f4d0c5cc,experiments/exp007/outputs/20260927-exp007-h1-log2fc-s17/cache/data/HepG2/counts.npy,跨 run 的 counts 矩阵与保留源 SHA-256 完全相同；本 run 的细胞身份、基因轴、统计和配置另行保留。,原路径仍可直接读取，无需重建；需要独立可写副本时先复制到新 inode 并校验哈希。
B020,B,replace_duplicate_with_readonly_hardlink,experiments/exp005/outputs/20260926-exp005-nested-residual-s17/cache/data/Jurkat/counts.npy,3.995022,4289622016,4289617438,3637ebe95b76477e5a29fbe5d46cc8da0ad17ea482ee34edc0704865d165b307,experiments/exp007/outputs/20260927-exp007-h1-log2fc-s17/cache/data/Jurkat/counts.npy,跨 run 的 counts 矩阵与保留源 SHA-256 完全相同；本 run 的细胞身份、基因轴、统计和配置另行保留。,原路径仍可直接读取，无需重建；需要独立可写副本时先复制到新 inode 并校验哈希。
B021,B,replace_duplicate_with_readonly_hardlink,experiments/exp005/outputs/20260926-exp005-nested-residual-s17/cache/data/K562/counts.npy,29.860836,32062828544,32062817298,9da3d573128910c61d95ef42b25ecb27f075dd096f795d9e31830b58dd4f0a90,experiments/exp007/outputs/20260927-exp007-h1-log2fc-s17/cache/data/K562/counts.npy,跨 run 的 counts 矩阵与保留源 SHA-256 完全相同；本 run 的细胞身份、基因轴、统计和配置另行保留。,原路径仍可直接读取，无需重建；需要独立可写副本时先复制到新 inode 并校验哈希。
B022,B,replace_duplicate_with_readonly_hardlink,experiments/exp005/outputs/20260926-exp005-nested-residual-s17/cache/data/RPE1/counts.npy,3.631001,3898757120,3898751400,82a6d2cb62b074c8b5a0e205e71acf2beff37523dffba7c639b455f37b3269b0,experiments/exp007/outputs/20260927-exp007-h1-log2fc-s17/cache/data/RPE1/counts.npy,跨 run 的 counts 矩阵与保留源 SHA-256 完全相同；本 run 的细胞身份、基因轴、统计和配置另行保留。,原路径仍可直接读取，无需重建；需要独立可写副本时先复制到新 inode 并校验哈希。
B023,B,replace_duplicate_with_readonly_hardlink,experiments/exp006/outputs/20260926-exp006-loco-residual-s17/cache/data/A/counts.npy,0.635181,682020864,682014528,0f134de12d0c51b1a25754d6d27e10a74a804bee70dcb9df9b2ca4d49fdfdf2a,experiments/exp007/outputs/20260927-exp007-h1-log2fc-s17/cache/official-export-data/A/counts.npy,跨 run 的 counts 矩阵与保留源 SHA-256 完全相同；本 run 的细胞身份、基因轴、统计和配置另行保留。,原路径仍可直接读取，无需重建；需要独立可写副本时先复制到新 inode 并校验哈希。
B024,B,replace_duplicate_with_readonly_hardlink,experiments/exp006/outputs/20260926-exp006-loco-residual-s17/cache/data/B/counts.npy,0.635181,682020864,682014528,77f00492d1e42f998c5b42139954bf6388c4cfee9f050cea11e8491a6534ebc0,experiments/exp007/outputs/20260927-exp007-h1-log2fc-s17/cache/official-export-data/B/counts.npy,跨 run 的 counts 矩阵与保留源 SHA-256 完全相同；本 run 的细胞身份、基因轴、统计和配置另行保留。,原路径仍可直接读取，无需重建；需要独立可写副本时先复制到新 inode 并校验哈希。
B025,B,replace_duplicate_with_readonly_hardlink,experiments/exp006/outputs/20260926-exp006-loco-residual-s17/cache/data/C/counts.npy,0.635181,682020864,682014528,336e33f976c527c9ca6146bb29742bbf340bb39dd3d0ea9d8e026d76623b4de6,experiments/exp007/outputs/20260927-exp007-h1-log2fc-s17/cache/official-export-data/C/counts.npy,跨 run 的 counts 矩阵与保留源 SHA-256 完全相同；本 run 的细胞身份、基因轴、统计和配置另行保留。,原路径仍可直接读取，无需重建；需要独立可写副本时先复制到新 inode 并校验哈希。
B026,B,replace_duplicate_with_readonly_hardlink,experiments/exp006/outputs/20260926-exp006-loco-residual-s17/cache/data/H1/counts.npy,13.88208,14905769984,14905761968,b748e6c340c6a608a6ed381f38e3aab7a24407001373bc8bea92097b1820528c,experiments/exp007/outputs/20260927-exp007-h1-log2fc-s17/cache/data/H1/counts.npy,跨 run 的 counts 矩阵与保留源 SHA-256 完全相同；本 run 的细胞身份、基因轴、统计和配置另行保留。,原路径仍可直接读取，无需重建；需要独立可写副本时先复制到新 inode 并校验哈希。
B027,B,replace_duplicate_with_readonly_hardlink,experiments/exp006/outputs/20260926-exp006-loco-residual-s17/cache/data/HepG2/counts.npy,1.844631,1980657664,1980652028,ba7404576f131e50d2aa4503738845b69054a822044d2a864ccf6a31f4d0c5cc,experiments/exp007/outputs/20260927-exp007-h1-log2fc-s17/cache/data/HepG2/counts.npy,跨 run 的 counts 矩阵与保留源 SHA-256 完全相同；本 run 的细胞身份、基因轴、统计和配置另行保留。,原路径仍可直接读取，无需重建；需要独立可写副本时先复制到新 inode 并校验哈希。
B028,B,replace_duplicate_with_readonly_hardlink,experiments/exp006/outputs/20260926-exp006-loco-residual-s17/cache/data/Jurkat/counts.npy,3.995022,4289622016,4289617438,3637ebe95b76477e5a29fbe5d46cc8da0ad17ea482ee34edc0704865d165b307,experiments/exp007/outputs/20260927-exp007-h1-log2fc-s17/cache/data/Jurkat/counts.npy,跨 run 的 counts 矩阵与保留源 SHA-256 完全相同；本 run 的细胞身份、基因轴、统计和配置另行保留。,原路径仍可直接读取，无需重建；需要独立可写副本时先复制到新 inode 并校验哈希。
B029,B,replace_duplicate_with_readonly_hardlink,experiments/exp006/outputs/20260926-exp006-loco-residual-s17/cache/data/K562/counts.npy,29.860836,32062828544,32062817298,9da3d573128910c61d95ef42b25ecb27f075dd096f795d9e31830b58dd4f0a90,experiments/exp007/outputs/20260927-exp007-h1-log2fc-s17/cache/data/K562/counts.npy,跨 run 的 counts 矩阵与保留源 SHA-256 完全相同；本 run 的细胞身份、基因轴、统计和配置另行保留。,原路径仍可直接读取，无需重建；需要独立可写副本时先复制到新 inode 并校验哈希。
B030,B,replace_duplicate_with_readonly_hardlink,experiments/exp006/outputs/20260926-exp006-loco-residual-s17/cache/data/RPE1/counts.npy,3.631001,3898757120,3898751400,82a6d2cb62b074c8b5a0e205e71acf2beff37523dffba7c639b455f37b3269b0,experiments/exp007/outputs/20260927-exp007-h1-log2fc-s17/cache/data/RPE1/counts.npy,跨 run 的 counts 矩阵与保留源 SHA-256 完全相同；本 run 的细胞身份、基因轴、统计和配置另行保留。,原路径仍可直接读取，无需重建；需要独立可写副本时先复制到新 inode 并校验哈希。
B031,B,replace_duplicate_with_readonly_hardlink,experiments/exp006/outputs/20260927-exp006-dispersed-s17/cache/data/A/counts.npy,0.635181,682020864,682014528,0f134de12d0c51b1a25754d6d27e10a74a804bee70dcb9df9b2ca4d49fdfdf2a,experiments/exp007/outputs/20260927-exp007-h1-log2fc-s17/cache/official-export-data/A/counts.npy,跨 run 的 counts 矩阵与保留源 SHA-256 完全相同；本 run 的细胞身份、基因轴、统计和配置另行保留。,原路径仍可直接读取，无需重建；需要独立可写副本时先复制到新 inode 并校验哈希。
B032,B,replace_duplicate_with_readonly_hardlink,experiments/exp006/outputs/20260927-exp006-dispersed-s17/cache/data/B/counts.npy,0.635181,682020864,682014528,77f00492d1e42f998c5b42139954bf6388c4cfee9f050cea11e8491a6534ebc0,experiments/exp007/outputs/20260927-exp007-h1-log2fc-s17/cache/official-export-data/B/counts.npy,跨 run 的 counts 矩阵与保留源 SHA-256 完全相同；本 run 的细胞身份、基因轴、统计和配置另行保留。,原路径仍可直接读取，无需重建；需要独立可写副本时先复制到新 inode 并校验哈希。
B033,B,replace_duplicate_with_readonly_hardlink,experiments/exp006/outputs/20260927-exp006-dispersed-s17/cache/data/C/counts.npy,0.635181,682020864,682014528,336e33f976c527c9ca6146bb29742bbf340bb39dd3d0ea9d8e026d76623b4de6,experiments/exp007/outputs/20260927-exp007-h1-log2fc-s17/cache/official-export-data/C/counts.npy,跨 run 的 counts 矩阵与保留源 SHA-256 完全相同；本 run 的细胞身份、基因轴、统计和配置另行保留。,原路径仍可直接读取，无需重建；需要独立可写副本时先复制到新 inode 并校验哈希。
B034,B,replace_duplicate_with_readonly_hardlink,experiments/exp006/outputs/20260927-exp006-dispersed-s17/cache/data/H1/counts.npy,13.88208,14905769984,14905761968,b748e6c340c6a608a6ed381f38e3aab7a24407001373bc8bea92097b1820528c,experiments/exp007/outputs/20260927-exp007-h1-log2fc-s17/cache/data/H1/counts.npy,跨 run 的 counts 矩阵与保留源 SHA-256 完全相同；本 run 的细胞身份、基因轴、统计和配置另行保留。,原路径仍可直接读取，无需重建；需要独立可写副本时先复制到新 inode 并校验哈希。
B035,B,replace_duplicate_with_readonly_hardlink,experiments/exp006/outputs/20260927-exp006-dispersed-s17/cache/data/HepG2/counts.npy,1.844631,1980657664,1980652028,ba7404576f131e50d2aa4503738845b69054a822044d2a864ccf6a31f4d0c5cc,experiments/exp007/outputs/20260927-exp007-h1-log2fc-s17/cache/data/HepG2/counts.npy,跨 run 的 counts 矩阵与保留源 SHA-256 完全相同；本 run 的细胞身份、基因轴、统计和配置另行保留。,原路径仍可直接读取，无需重建；需要独立可写副本时先复制到新 inode 并校验哈希。
B036,B,replace_duplicate_with_readonly_hardlink,experiments/exp006/outputs/20260927-exp006-dispersed-s17/cache/data/Jurkat/counts.npy,3.995022,4289622016,4289617438,3637ebe95b76477e5a29fbe5d46cc8da0ad17ea482ee34edc0704865d165b307,experiments/exp007/outputs/20260927-exp007-h1-log2fc-s17/cache/data/Jurkat/counts.npy,跨 run 的 counts 矩阵与保留源 SHA-256 完全相同；本 run 的细胞身份、基因轴、统计和配置另行保留。,原路径仍可直接读取，无需重建；需要独立可写副本时先复制到新 inode 并校验哈希。
B037,B,replace_duplicate_with_readonly_hardlink,experiments/exp006/outputs/20260927-exp006-dispersed-s17/cache/data/K562/counts.npy,29.860836,32062828544,32062817298,9da3d573128910c61d95ef42b25ecb27f075dd096f795d9e31830b58dd4f0a90,experiments/exp007/outputs/20260927-exp007-h1-log2fc-s17/cache/data/K562/counts.npy,跨 run 的 counts 矩阵与保留源 SHA-256 完全相同；本 run 的细胞身份、基因轴、统计和配置另行保留。,原路径仍可直接读取，无需重建；需要独立可写副本时先复制到新 inode 并校验哈希。
B038,B,replace_duplicate_with_readonly_hardlink,experiments/exp006/outputs/20260927-exp006-dispersed-s17/cache/data/RPE1/counts.npy,3.631001,3898757120,3898751400,82a6d2cb62b074c8b5a0e205e71acf2beff37523dffba7c639b455f37b3269b0,experiments/exp007/outputs/20260927-exp007-h1-log2fc-s17/cache/data/RPE1/counts.npy,跨 run 的 counts 矩阵与保留源 SHA-256 完全相同；本 run 的细胞身份、基因轴、统计和配置另行保留。,原路径仍可直接读取，无需重建；需要独立可写副本时先复制到新 inode 并校验哈希。
