context,source,depth,cutoff,targets,genes,mean_known_genes,candidate_pct,deg_total,matched,coverage_pct,expected_pct,fold
H1,functional,1,0.0,32,5946,30.0625,0.5056690653532587,60483,464,0.7671577137377444,0.593752118158229,1.2920504875290475
H1,functional,1,0.5,32,5946,30.0625,0.5056690653532587,5023,84,1.6723073860242883,0.6847711727961925,2.4421404586813917
K562,functional,1,0.0,32,5946,30.0625,0.5056690653532587,10541,117,1.1099516174935964,0.7522115898605116,1.4755843069360621
K562,functional,1,0.5,32,5946,30.0625,0.5056690653532587,2899,32,1.1038289065194895,0.705778056737158,1.563988701522597
RPE1,functional,1,0.0,32,5946,30.0625,0.5056690653532587,16561,158,0.9540486685586619,0.6888503516120091,1.3849868354223096
RPE1,functional,1,0.5,32,5946,30.0625,0.5056690653532587,8911,90,1.0099876557064302,0.6947824439052043,1.453674692799567
HepG2,functional,1,0.0,32,5946,30.0625,0.5056690653532587,4300,66,1.5348837209302326,0.7103018685370597,2.160889318919412
HepG2,functional,1,0.5,32,5946,30.0625,0.5056690653532587,2615,41,1.5678776290630976,0.6579707942312545,2.3828985158755263
Jurkat,functional,1,0.0,32,5946,30.0625,0.5056690653532587,13275,142,1.0696798493408664,0.8107294678859973,1.31940418069432
Jurkat,functional,1,0.5,32,5946,30.0625,0.5056690653532587,4123,49,1.1884550084889642,0.7594103487513825,1.564970783507249
H1,functional,2,0.0,32,5946,670.5625,11.279258632380692,60483,7919,13.092935204933617,12.256465957278424,1.0682471807591862
H1,functional,2,0.5,32,5946,670.5625,11.279258632380692,5023,660,13.13955803304798,12.471609439807677,1.0535575297209276
K562,functional,2,0.0,32,5946,670.5625,11.279258632380692,10541,1761,16.70619485817285,13.048156512145084,1.2803490548739895
K562,functional,2,0.5,32,5946,670.5625,11.279258632380692,2899,452,15.59158330458779,12.397154508543382,1.2576743553404126
RPE1,functional,2,0.0,32,5946,670.5625,11.279258632380692,16561,2720,16.424128977718738,12.76155592188811,1.2870005098319341
RPE1,functional,2,0.5,32,5946,670.5625,11.279258632380692,8911,1429,16.036359555605433,12.696657442478571,1.2630379001920133
HepG2,functional,2,0.0,32,5946,670.5625,11.279258632380692,4300,719,16.72093023255814,12.077528769283374,1.384466189398304
HepG2,functional,2,0.5,32,5946,670.5625,11.279258632380692,2615,404,15.449330783938814,11.584804912284325,1.3335857531408764
Jurkat,functional,2,0.0,32,5946,670.5625,11.279258632380692,13275,2186,16.46704331450094,14.577378612992208,1.1296299390772875
Jurkat,functional,2,0.5,32,5946,670.5625,11.279258632380692,4123,640,15.522677661896678,15.216970881998591,1.0200898577166715
H1,physical,1,0.0,32,5946,15.28125,0.2570396808292552,60483,251,0.41499264256071955,0.3487627570450001,1.1898995353657384
H1,physical,1,0.5,32,5946,15.28125,0.2570396808292552,5023,33,0.656977901652399,0.45892718922664166,1.4315514902472901
K562,physical,1,0.0,32,5946,15.28125,0.2570396808292552,10541,71,0.6735603832653448,0.5659858724712815,1.190065717231346
K562,physical,1,0.5,32,5946,15.28125,0.2570396808292552,2899,16,0.5519144532597448,0.5300270555655403,1.0412948687512764
RPE1,physical,1,0.0,32,5946,15.28125,0.2570396808292552,16561,90,0.5434454441156935,0.433522122357582,1.2535587368882721
RPE1,physical,1,0.5,32,5946,15.28125,0.2570396808292552,8911,48,0.5386600830434295,0.4480889319545994,1.2021276238485774
HepG2,physical,1,0.0,32,5946,15.28125,0.2570396808292552,4300,30,0.6976744186046512,0.5264398250188151,1.3252690724523284
HepG2,physical,1,0.5,32,5946,15.28125,0.2570396808292552,2615,15,0.5736137667304015,0.46762381561458527,1.2266564438693452
Jurkat,physical,1,0.0,32,5946,15.28125,0.2570396808292552,13275,79,0.5951035781544256,0.5369876832787869,1.108225750208626
Jurkat,physical,1,0.5,32,5946,15.28125,0.2570396808292552,4123,17,0.41232112539413046,0.42384487502777796,0.972811397960416
H1,physical,2,0.0,32,5946,209.40625,3.5223372213432294,60483,2820,4.662467139526809,4.395061018475879,1.060842413774647
H1,physical,2,0.5,32,5946,209.40625,3.5223372213432294,5023,220,4.37985267768266,4.439382952090456,0.9865904169452728
K562,physical,2,0.0,32,5946,209.40625,3.5223372213432294,10541,660,6.261265534579262,5.052658750503465,1.2392021396567436
K562,physical,2,0.5,32,5946,209.40625,3.5223372213432294,2899,155,5.346671265953777,4.644064841539708,1.1512912606493937
RPE1,physical,2,0.0,32,5946,209.40625,3.5223372213432294,16561,903,5.452569289294125,4.499154642495718,1.2119097302842519
RPE1,physical,2,0.5,32,5946,209.40625,3.5223372213432294,8911,486,5.453933340814723,4.614975504483904,1.1817903118912958
HepG2,physical,2,0.0,32,5946,209.40625,3.5223372213432294,4300,259,6.023255813953488,4.94988696062201,1.216847144565216
HepG2,physical,2,0.5,32,5946,209.40625,3.5223372213432294,2615,135,5.162523900573614,4.6386178627306,1.112944427272698
Jurkat,physical,2,0.0,32,5946,209.40625,3.5223372213432294,13275,819,6.169491525423729,5.666024686728727,1.088857155859954
Jurkat,physical,2,0.5,32,5946,209.40625,3.5223372213432294,4123,230,5.578462284744118,5.758656890645404,0.9687089178391577
H1,collectri,1,0.0,32,5946,2.71875,0.04573098615980614,60483,43,0.07109435709207546,0.0818407613496884,0.8686912966059074
H1,collectri,1,0.5,32,5946,2.71875,0.04573098615980614,5023,5,0.09954210631096955,0.057129969172923144,1.742379835873388
K562,collectri,1,0.0,32,5946,2.71875,0.04573098615980614,10541,7,0.06640736173038611,0.06239084534265616,1.0643766944600748
K562,collectri,1,0.5,32,5946,2.71875,0.04573098615980614,2899,0,0.0,0.04465447468762611,0.0
RPE1,collectri,1,0.0,32,5946,2.71875,0.04573098615980614,16561,13,0.07849767526115572,0.04146152037052,1.8932657210749368
RPE1,collectri,1,0.5,32,5946,2.71875,0.04573098615980614,8911,8,0.08977668050723825,0.04610965043629749,1.9470258320710687
HepG2,collectri,1,0.0,32,5946,2.71875,0.04573098615980614,4300,5,0.11627906976744186,0.04884307704344084,2.380666346307865
HepG2,collectri,1,0.5,32,5946,2.71875,0.04573098615980614,2615,4,0.15296367112810708,0.044223096678121784,3.458909090909091
Jurkat,collectri,1,0.0,32,5946,2.71875,0.04573098615980614,13275,12,0.0903954802259887,0.10556529644782128,0.8562992125984252
Jurkat,collectri,1,0.5,32,5946,2.71875,0.04573098615980614,4123,4,0.09701673538685424,0.1347871700467153,0.7197772262243477
H1,collectri,2,0.0,32,5946,56.96875,0.958248135279616,60483,1061,1.75421192731842,1.6358517010460825,1.0723538852553989
H1,collectri,2,0.5,32,5946,56.96875,0.958248135279616,5023,93,1.8514831773840335,1.1741011051293984,1.57693674701037
K562,collectri,2,0.0,32,5946,56.96875,0.958248135279616,10541,151,1.4325016601840432,1.1224590054181574,1.2762173524995537
K562,collectri,2,0.5,32,5946,56.96875,0.958248135279616,2899,29,1.0003449465332874,0.8942729085440546,1.1186126035752622
RPE1,collectri,2,0.0,32,5946,56.96875,0.958248135279616,16561,216,1.3042690658776643,0.7867182881593501,1.657860361844651
RPE1,collectri,2,0.5,32,5946,56.96875,0.958248135279616,8911,118,1.3242060374817641,0.8634296661529937,1.5336582577498838
HepG2,collectri,2,0.0,32,5946,56.96875,0.958248135279616,4300,68,1.5813953488372092,0.9079506694747876,1.741719459000985
HepG2,collectri,2,0.5,32,5946,56.96875,0.958248135279616,2615,36,1.3766730401529637,0.8461050769737162,1.6270710076305681
Jurkat,collectri,2,0.0,32,5946,56.96875,0.958248135279616,13275,287,2.1619585687382297,1.878353320589192,1.1509861031150828
Jurkat,collectri,2,0.5,32,5946,56.96875,0.958248135279616,4123,104,2.5224351200582102,2.4250952985508443,1.040138555200504
H1,reactome,1,0.0,32,5946,1245.5,20.950048096381995,60483,13594,22.475736983945904,21.662823688796994,1.0375257310324373
H1,reactome,1,0.5,32,5946,1245.5,20.950048096381995,5023,1053,20.963567589090186,20.474014146536962,1.0239109653363225
K562,reactome,1,0.0,32,5946,1245.5,20.950048096381995,10541,3075,29.17180533156247,25.870100343226493,1.1276262923039049
K562,reactome,1,0.5,32,5946,1245.5,20.950048096381995,2899,764,26.35391514315281,24.621434632779973,1.0703647263537714
RPE1,reactome,1,0.0,32,5946,1245.5,20.950048096381995,16561,4301,25.97065394601775,22.161964807023306,1.1718570159351325
RPE1,reactome,1,0.5,32,5946,1245.5,20.950048096381995,8911,2091,23.465379867579397,22.3232088248358,1.051165182017778
HepG2,reactome,1,0.0,32,5946,1245.5,20.950048096381995,4300,1154,26.837209302325583,21.406611531742207,1.2536878740724922
HepG2,reactome,1,0.5,32,5946,1245.5,20.950048096381995,2615,583,22.294455066921607,19.862805904079256,1.122422238559103
Jurkat,reactome,1,0.0,32,5946,1245.5,20.950048096381995,13275,3762,28.338983050847457,25.89618032033193,1.0943306194310674
Jurkat,reactome,1,0.5,32,5946,1245.5,20.950048096381995,4123,1049,25.44263885520252,25.081823630090362,1.0143855259662737
H1,reactome,2,0.0,32,5946,3503.09375,58.924112845150674,60483,38105,63.00117388357059,61.51648759549317,1.0241347701422763
H1,reactome,2,0.5,32,5946,3503.09375,58.924112845150674,5023,3108,61.875373282898664,60.94899631039634,1.0151992162066878
K562,reactome,2,0.0,32,5946,3503.09375,58.924112845150674,10541,6919,65.63893368750593,61.36698881839582,1.0696130762053868
K562,reactome,2,0.5,32,5946,3503.09375,58.924112845150674,2899,1735,59.84822352535357,57.735391456224,1.0365950938555868
RPE1,reactome,2,0.0,32,5946,3503.09375,58.924112845150674,16561,11505,69.47044260612282,63.75342618858017,1.0896738694581205
RPE1,reactome,2,0.5,32,5946,3503.09375,58.924112845150674,8911,6017,67.52328582650657,65.00305055969648,1.0387710306687161
HepG2,reactome,2,0.0,32,5946,3503.09375,58.924112845150674,4300,3056,71.06976744186046,63.92739096486684,1.1117263878470958
HepG2,reactome,2,0.5,32,5946,3503.09375,58.924112845150674,2615,1797,68.7189292543021,63.52322136537478,1.0817922608024313
Jurkat,reactome,2,0.0,32,5946,3503.09375,58.924112845150674,13275,9054,68.20338983050847,64.05460523254087,1.0647694975701756
Jurkat,reactome,2,0.5,32,5946,3503.09375,58.924112845150674,4123,2748,66.65049721076886,64.19798789591502,1.0382022769752552
H1,union,1,0.0,32,5946,1252.09375,21.060958878907503,60483,13693,22.639419340971845,21.803113430070802,1.0383571783719479
H1,union,1,0.5,32,5946,1252.09375,21.060958878907503,5023,1074,21.381644435596257,20.647797876334035,1.0355411537664914
K562,union,1,0.0,32,5946,1252.09375,21.060958878907503,10541,3093,29.342567118869177,25.979887631378325,1.1294339504159143
K562,union,1,0.5,32,5946,1252.09375,21.060958878907503,2899,767,26.457399103139014,24.728149777183962,1.0699303967962288
RPE1,union,1,0.0,32,5946,1252.09375,21.060958878907503,16561,4332,26.157840710102047,22.292675726834226,1.1733827303025464
RPE1,union,1,0.5,32,5946,1252.09375,21.060958878907503,8911,2112,23.701043653910897,22.45059159924043,1.0556979556259343
HepG2,union,1,0.0,32,5946,1252.09375,21.060958878907503,4300,1169,27.186046511627907,21.50121791845111,1.2643956549223383
HepG2,union,1,0.5,32,5946,1252.09375,21.060958878907503,2615,591,22.600382409177822,19.957934031954892,1.1324008974572253
Jurkat,union,1,0.0,32,5946,1252.09375,21.060958878907503,13275,3788,28.534839924670433,26.034295525096173,1.0960480915323334
Jurkat,union,1,0.5,32,5946,1252.09375,21.060958878907503,4123,1058,25.660926509822943,25.23968402262495,1.0166896894121333
H1,union,2,0.0,32,5946,4772.5,80.27627823362752,60483,50633,83.71443215448969,82.37575575870285,1.0162508541919557
H1,union,2,0.5,32,5946,4772.5,80.27627823362752,5023,4114,81.90324507266574,82.30752814245574,0.9950881398225169
K562,union,2,0.0,32,5946,4772.5,80.27627823362752,10541,9301,88.23641020776017,84.74039950075102,1.0412555372361463
K562,union,2,0.5,32,5946,4772.5,80.27627823362752,2899,2458,84.78785788202829,83.64140118174375,1.013706808877979
RPE1,union,2,0.0,32,5946,4772.5,80.27627823362752,16561,14599,88.15288931827789,83.45887547380205,1.0562434350789844
RPE1,union,2,0.5,32,5946,4772.5,80.27627823362752,8911,7686,86.25294579732915,83.93794066300752,1.027579961052605
HepG2,union,2,0.0,32,5946,4772.5,80.27627823362752,4300,3784,88.0,82.15661860901825,1.0711249013155018
HepG2,union,2,0.5,32,5946,4772.5,80.27627823362752,2615,2239,85.62141491395793,81.25862608816439,1.0536901623350114
Jurkat,union,2,0.0,32,5946,4772.5,80.27627823362752,13275,11726,88.33145009416197,84.98976923487682,1.0393186249282558
Jurkat,union,2,0.5,32,5946,4772.5,80.27627823362752,4123,3532,85.6657773465923,84.70770949651019,1.01131027926238
