context_a,context_b,cutoff,shared_targets,common_genes,median_deg_a,median_deg_b,median_intersection,median_jaccard,mean_jaccard,pooled_jaccard,median_overlap_smaller,pooled_direction_agreement,observed_expected_overlap,median_lfc_spearman,both_empty,both_nonempty,fiveway_target_median_jaccard
H1,K562,0.0,266,7093,523.5,5.0,2.0,0.004787428990287704,0.03538246957619463,0.05443113444760953,0.5505050505050505,0.7691290083606731,1.216280794890819,0.02641276323015628,4,196,0.029044170726913128
H1,K562,0.5,266,7093,10.5,2.0,1.0,0.015625,0.07608329009483206,0.05165136646618128,0.2783855816900883,0.8896833503575077,2.8299227334365296,0.02641276323015628,19,178,0.04274849709784411
H1,RPE1,0.0,80,7557,2531.0,286.0,77.5,0.041794324249778664,0.05970996620356981,0.08047961897865111,0.5748031496062992,0.7481109765241968,1.2300737093305505,0.09941726322874667,0,79,0.05593843301602679
H1,RPE1,0.5,80,7557,98.0,136.5,8.0,0.0444253859348199,0.06332672945863019,0.07924680294028799,0.22831040594142965,0.8656289707750953,2.267196186773451,0.09941726322874667,0,78,0.04525832263163094
H1,HepG2,0.0,37,7983,2464.0,30.0,19.0,0.011764705882352941,0.027965232375599704,0.03167603558369263,0.6848287967470434,0.770158511371468,1.3395825472448877,0.058285158798660634,0,34,0.011842281929256612
H1,HepG2,0.5,37,7983,131.0,19.0,4.0,0.028985507246376812,0.05828782763828552,0.04664784756527876,0.2784503631961259,0.8804841149773072,2.859951905093202,0.058285158798660634,0,32,0.03271142342502613
H1,Jurkat,0.0,83,7547,2604.0,47.0,21.0,0.014540647719762063,0.04263171289129175,0.06590435710692238,0.6,0.7373189698223586,1.1691526565210888,0.07241990962036433,0,79,0.03186052138147946
H1,Jurkat,0.5,83,7547,88.0,27.0,5.0,0.033962264150943396,0.05923420628310115,0.07316727491762039,0.24022633744855967,0.9016949152542373,2.5482955382586567,0.07241990962036433,0,76,0.049145299145299144
K562,RPE1,0.0,1527,7061,79.0,232.0,11.0,0.05263157894736842,0.08135080359581084,0.10617852963925192,0.4307692307692308,0.8931383829176816,1.9442283537347376,0.062455424512741796,84,1279,0.07293452284130579
K562,RPE1,0.5,1527,7061,17.0,91.0,2.0,0.02005730659025788,0.05462369164991607,0.05405894597122085,0.242280422701192,0.9318711180124224,1.9189867566083643,0.062455424512741796,106,1192,0.033315276273022755
K562,HepG2,0.0,994,7373,134.5,96.5,10.0,0.05352591333899745,0.08790950553515342,0.11566255500336642,0.432482887367766,0.9120074251931962,1.9083248104405721,0.0899557968935645,51,835,0.08708655500574244
K562,HepG2,0.5,994,7373,33.0,45.0,2.0,0.02761886600559369,0.061192482064358095,0.06706669278113112,0.25,0.9356047197640118,1.8798569193401902,0.0899557968935645,62,788,0.03782500612514417
K562,Jurkat,0.0,1733,7293,114.0,69.0,12.0,0.08333333333333333,0.10971553817120543,0.14681374133389358,0.4254545454545455,0.9342850263148843,2.3522750308939853,0.07597140763397799,122,1427,0.08515024293598755
K562,Jurkat,0.5,1733,7293,25.0,23.0,2.0,0.03816793893129771,0.07445755955524326,0.0828093398694722,0.21428571428571427,0.969708495204977,2.780074996239376,0.07597140763397799,152,1354,0.05475763016157989
RPE1,HepG2,0.0,836,7686,725.5,59.5,21.0,0.06310416171201458,0.12343602335828292,0.21965377296239486,0.5606881584431638,0.9219291223119664,1.6591351989486085,0.13437369927788645,20,714,0.06555027452106796
RPE1,HepG2,0.5,836,7686,351.5,26.0,6.0,0.04019002375296912,0.09774413726876054,0.18142232144002668,0.4632973305179204,0.9607937428397664,1.908229939256766,0.13437369927788645,26,694,0.03468670076726343
RPE1,Jurkat,0.0,1377,7329,201.0,43.0,9.0,0.07920792079207921,0.11546934475010809,0.15549192821261432,0.4640625,0.887554289987632,1.7758289437441896,0.051741878064047626,86,1153,0.11467599088603683
RPE1,Jurkat,0.5,1377,7329,75.0,15.0,3.0,0.0457516339869281,0.09036837741982781,0.08722815074969607,0.3333333333333333,0.9388476493460587,2.0280300720093702,0.051741878064047626,100,1109,0.05165309647174932
HepG2,Jurkat,0.0,905,7575,76.0,204.0,15.0,0.08015135102605765,0.10760926821683318,0.1613508061098208,0.4316281544542414,0.8809433750805525,1.726211041816969,0.07263409414709213,39,762,0.09603658536585366
HepG2,Jurkat,0.5,905,7575,38.0,64.0,4.0,0.0398961937716263,0.07581070576970747,0.09301886079298484,0.2692307692307692,0.9258966188327381,1.9564893414629365,0.07263409414709213,47,737,0.05504587155963303
