model,context,support,space,targets,genes,shared_centroid_energy_fraction,centered_participation_rank,centered_top_pc_energy_fraction,pairwise_cosine_median,rms,centroid_rms,centered_rms
XGB-pair,A,all,mean_log1p_CP10k,300,18233,0.9812908888830975,13.81824567267565,0.20937628961573018,0.9892168274250395,0.01316832380464794,0.013044558369449781,0.0018011798272452373
XGB-pair,A,all,bulk_log2FC_CP10k_pc0p01,300,18233,0.9607831176686111,55.76749740195356,0.12027124270034172,0.9675997549274844,0.1753735379481523,0.17190034372066423,0.034729665146233414
XGB-pair,B,all,mean_log1p_CP10k,300,18233,0.9922872068702134,9.340124172369537,0.31491058165820757,0.995399223164813,0.012964341895613093,0.012914249476982444,0.0011385610359605722
XGB-pair,B,all,bulk_log2FC_CP10k_pc0p01,300,18233,0.9657197379952254,63.53486999138045,0.10854417305753232,0.9713821480423976,0.18351736118714784,0.1803444201406663,0.03397811032445618
XGB-pair,C,all,mean_log1p_CP10k,300,18233,0.9803952041397316,6.592063432710474,0.37692753804145124,0.9890702828264486,0.012826850438319925,0.012700494183566795,0.00179597874714988
XGB-pair,C,all,bulk_log2FC_CP10k_pc0p01,300,18233,0.9586793522625928,53.9011133309762,0.1219603440987396,0.9665137499185585,0.17522975653794537,0.17157126148342258,0.0356197951893977
Shared-shrink,A,all,mean_log1p_CP10k,300,18233,0.845024944845316,110.2526887609704,0.042790880388015956,0.8758371486097196,0.013827742626021834,0.01271118536946258,0.005443549635546793
Shared-shrink,A,all,bulk_log2FC_CP10k_pc0p01,300,18233,0.6957923428111569,97.2284070808493,0.04245440689309066,0.7364285266549297,0.16315224560440572,0.13609208829292785,0.08998665873244908
Shared-shrink,B,all,mean_log1p_CP10k,300,18233,0.8473451668186988,109.05022200278015,0.044248248655236154,0.8780110531074286,0.013769559427239779,0.012675065814041757,0.0053799138868570965
Shared-shrink,B,all,bulk_log2FC_CP10k_pc0p01,300,18233,0.7009472804538267,117.88624301850878,0.03524462588376911,0.7344400338855112,0.19890479583625045,0.166528255358822,0.10877250559680719
Shared-shrink,C,all,mean_log1p_CP10k,300,18233,0.8361315966021199,107.44278830450887,0.04541589388065092,0.868777514394198,0.013480555725643831,0.012326651384574332,0.005457018262326079
Shared-shrink,C,all,bulk_log2FC_CP10k_pc0p01,300,18233,0.6815224997439939,105.92729804637213,0.038944432309935086,0.7208783163723046,0.16684846250503085,0.1377407070936006,0.09415894566979613
Module-CVAE,A,all,mean_log1p_CP10k,300,18233,0.9394928445354186,21.991922604822275,0.193473850827784,0.9475554486890088,0.05782082189737611,0.05604424191639745,0.014222882721319455
Module-CVAE,A,all,bulk_log2FC_CP10k_pc0p01,300,18233,0.905919258319314,275.81896042741624,0.015194056495323183,0.906069178987444,0.6103973753957743,0.5809749451575759,0.18722464845527578
Module-CVAE,B,all,mean_log1p_CP10k,300,18233,0.908679710372322,120.63432586949236,0.05160097933694984,0.9110962246862062,0.04301214973750658,0.04100119970843093,0.012997947819215608
Module-CVAE,B,all,bulk_log2FC_CP10k_pc0p01,300,18233,0.8915628155230726,286.0141783537455,0.009669957439827554,0.891482071481372,0.677808401607978,0.6400043432552881,0.22320096304615064
Module-CVAE,C,all,mean_log1p_CP10k,300,18233,0.9066446719750471,95.21931964171145,0.07062664467126259,0.9113668690397422,0.0409789691444119,0.039019310072277755,0.012520756910910254
Module-CVAE,C,all,bulk_log2FC_CP10k_pc0p01,300,18233,0.8937424257770515,288.1777969187998,0.007717793394285033,0.8935170352896435,0.5594844474793204,0.5289251351332389,0.18237611794181077
Cond-CVAE-H1,A,all,mean_log1p_CP10k,300,18233,0.6833450277833668,65.35580168121183,0.10776763310851126,0.6884832859393322,0.02533836365417899,0.020945878700701005,0.014258430422979201
Cond-CVAE-H1,A,all,bulk_log2FC_CP10k_pc0p01,300,18233,0.8958416635743528,275.91185719679004,0.016437439240928907,0.895945606974162,0.6265231831380658,0.5929973793446571,0.2022014023191308
Cond-CVAE-H1,B,all,mean_log1p_CP10k,300,18233,0.5638117191242972,243.35294624719927,0.026336116205036418,0.562981311481602,0.019632770550156234,0.014741736369026504,0.012966375295401684
Cond-CVAE-H1,B,all,bulk_log2FC_CP10k_pc0p01,300,18233,0.8890191131377264,290.4902356350718,0.005120011709278983,0.8887124040752028,0.6316432364326875,0.5955625752075966,0.21042432640561298
Cond-CVAE-H1,C,all,mean_log1p_CP10k,300,18233,0.6713267006836154,180.92698185814953,0.047801848996935015,0.6717842274894836,0.02443914098777381,0.020024095006861815,0.014010968252638988
Cond-CVAE-H1,C,all,bulk_log2FC_CP10k_pc0p01,300,18233,0.8778483049082346,289.8965345152833,0.00663207813927963,0.8774973446360235,0.60848074228209,0.5701072649296384,0.21266527737882002
Cond-CVAE-K562,A,all,mean_log1p_CP10k,300,18233,0.7269675341643707,250.9899178868109,0.025013138654406235,0.7268754591212019,0.024962137411997935,0.021283315235267785,0.013043343005981447
Cond-CVAE-K562,A,all,bulk_log2FC_CP10k_pc0p01,300,18233,0.8853366411361315,290.50977165946784,0.004714253413723604,0.8850122176741221,0.6006760644749335,0.5651900999181583,0.20340079986960904
Cond-CVAE-K562,B,all,mean_log1p_CP10k,300,18233,0.6282137909694632,109.84478272460268,0.07797015862805405,0.6287738158969237,0.020664476411600644,0.01637865137166435,0.01260001446868522
Cond-CVAE-K562,B,all,bulk_log2FC_CP10k_pc0p01,300,18233,0.9105392699561305,285.68511828667175,0.011200213114867625,0.9103587831755395,0.6614528779048078,0.6311727649060016,0.19784046737072203
Cond-CVAE-K562,C,all,mean_log1p_CP10k,300,18233,0.5172470839103097,207.8414300037576,0.03978101254970706,0.5205402339977758,0.019452797595734313,0.013990430986413472,0.01351588602774559
Cond-CVAE-K562,C,all,bulk_log2FC_CP10k_pc0p01,300,18233,0.8905183900642765,289.72872210237693,0.0069630416330675035,0.8901354307923464,0.6076198490562382,0.5733943360790613,0.20104928828418736
XGB-logFC,A,all,mean_log1p_CP10k,300,18233,0.7892279448076389,7.483102449049918,0.35869212595064,0.8345253166078316,0.012536028148070292,0.011136819624432796,0.0057552802175097634
XGB-logFC,A,all,bulk_log2FC_CP10k_pc0p01,300,18233,0.4965958145272727,67.66104167162587,0.10879490717351813,0.5278234976896055,0.08826968091014076,0.06220325110791316,0.06262820546354468
XGB-logFC,B,all,mean_log1p_CP10k,300,18233,0.7000822543628564,17.188512384550478,0.20253647548764983,0.7282362951575293,0.011743813881208506,0.009826156899928724,0.006431469898432915
XGB-logFC,B,all,bulk_log2FC_CP10k_pc0p01,300,18233,0.510025238766375,139.8751428780348,0.06042632381192176,0.5261624833611946,0.11820209466472638,0.08441526859967868,0.08273933532711657
XGB-logFC,C,all,mean_log1p_CP10k,300,18233,0.7557797813004511,13.900336986226483,0.2586555993991767,0.7838763971398703,0.010941129504041107,0.009511736119009953,0.0054069576312858495
XGB-logFC,C,all,bulk_log2FC_CP10k_pc0p01,300,18233,0.5653634222513747,84.39012614890065,0.09378912138780775,0.5909979129929462,0.0969758706317517,0.07291678989001116,0.06393325611074574
Linear,A,all,mean_log1p_CP10k,300,18233,0.36160757230311374,228.69293642365656,0.022414874684558276,0.3577326294358901,0.02275869335229982,0.013685670588258385,0.01818407390145826
Linear,A,all,bulk_log2FC_CP10k_pc0p01,300,18233,0.7648086743751873,205.40259814674303,0.025725572055461447,0.7636252463683338,0.38992951824700506,0.3410063888375844,0.18910227913034688
Linear,A,seen,mean_log1p_CP10k,272,18233,0.3511499443106865,215.9609830062375,0.02233518671574437,0.349589751818985,0.023092428160404296,0.013684089410603836,0.018601234780143854
Linear,A,seen,bulk_log2FC_CP10k_pc0p01,272,18233,0.7588739685195908,195.61490312074054,0.02491834760716332,0.7601832557358803,0.39213099531927187,0.3415985350201753,0.19255429977581104
Linear,A,unseen,mean_log1p_CP10k,28,18233,0.5333019214368906,25.38930908857991,0.07649575157540439,0.5167745486954756,0.019217414072538245,0.01403400161189593,0.013128434879782639
Linear,A,unseen,bulk_log2FC_CP10k_pc0p01,28,18233,0.86067091995532,26.623112348696157,0.050604948351955455,0.8560524390786508,0.36785874631827575,0.34127120909272923,0.1373099380498012
Linear,B,all,mean_log1p_CP10k,300,18233,0.44040609572781103,216.17722465664824,0.021454400943620822,0.43741750053345974,0.023529727751884204,0.015615056608206918,0.01760165035444924
Linear,B,all,bulk_log2FC_CP10k_pc0p01,300,18233,0.649699188916692,222.66995897011176,0.019265250586674262,0.6493965295927535,0.3663681374321518,0.29530707971497483,0.21683943551789095
Linear,B,seen,mean_log1p_CP10k,272,18233,0.4295676925818117,204.32338161977893,0.02155293231624156,0.4288669480241818,0.02383217981011684,0.015619947592209018,0.017999723101158653
Linear,B,seen,bulk_log2FC_CP10k_pc0p01,272,18233,0.6445549377931441,209.53879131422144,0.01933605220110555,0.6448976688553686,0.36909058584704896,0.29632134615909045,0.22004890449939152
Linear,B,unseen,mean_log1p_CP10k,28,18233,0.6064038171599778,25.501991215824933,0.06735222643472055,0.5956071151763982,0.02035912073499895,0.01585404114892939,0.01277275132265237
Linear,B,unseen,bulk_log2FC_CP10k_pc0p01,28,18233,0.7505892357238327,26.25219442352804,0.05172619400247778,0.7421639124352244,0.3387848856618507,0.29351154783415284,0.1691927009090909
Linear,C,all,mean_log1p_CP10k,300,18233,0.4364865763519926,214.00805921844753,0.026413833718511543,0.432426015677426,0.023601647980408907,0.015592931626767552,0.0177171744551464
Linear,C,all,bulk_log2FC_CP10k_pc0p01,300,18233,0.7066261406844064,217.7523693309786,0.02229618948723138,0.7052775929338637,0.3458548373929794,0.29072923411472074,0.18732880445674155
Linear,C,seen,mean_log1p_CP10k,272,18233,0.4243080518292524,202.9474270729945,0.026306665432004436,0.4215993014194608,0.0238826372587077,0.015556894946767692,0.0181207997076908
Linear,C,seen,bulk_log2FC_CP10k_pc0p01,272,18233,0.7006256112232838,205.72543322421419,0.022592269446694298,0.7017022699653125,0.34827675545246944,0.2915194220764863,0.19056002975621786
Linear,C,unseen,mean_log1p_CP10k,28,18233,0.6162469291497287,25.542214396742118,0.07164343852469544,0.600936453305407,0.02067424004140205,0.016229567199680255,0.012807238180051726
Linear,C,unseen,bulk_log2FC_CP10k_pc0p01,28,18233,0.812381432144152,26.665729030541172,0.049482369009134164,0.8063053211689915,0.3213792042990802,0.28966616223499064,0.139205270776512
Shared,A,all,mean_log1p_CP10k,300,18233,0.025716915494882787,149.2546768334351,0.032336686315287036,0.021152829371825922,0.02729292073980219,0.004376827725671605,0.026939690079303375
Shared,A,all,bulk_log2FC_CP10k_pc0p01,300,18233,0.21609089409328092,146.16072636171543,0.04789479153909363,0.22914552167790087,0.2612659749965981,0.1214509980026437,0.23132134526473092
Shared,A,seen,mean_log1p_CP10k,272,18233,0.029003444942523066,144.03950299367125,0.03270683895438546,0.025325319990530996,0.028349448619083256,0.0048280238755926816,0.027935307810417063
Shared,A,seen,bulk_log2FC_CP10k_pc0p01,272,18233,0.24453146061576156,176.9475490730909,0.026883642365663145,0.24091975950107475,0.27102654823267114,0.13402295985899823,0.23557002372447505
Shared,A,unseen,mean_log1p_CP10k,28,18233,0.033709397108527765,25.31461505747389,0.07756850074150506,-0.002172464123788135,0.0131841900546153,0.002420632988208258,0.01296006957283081
Shared,A,unseen,bulk_log2FC_CP10k_pc0p01,28,18233,0.04064313323481285,26.70118111850071,0.045259310218305294,0.0036612468879489574,0.13337740075703083,0.02688907361637677,0.13063884855874486
Shared,B,all,mean_log1p_CP10k,300,18233,0.03304402346138555,148.91992920833496,0.03231345238482633,0.0286832796510086,0.026369796422398707,0.004793505587383856,0.025930454441495453
Shared,B,all,bulk_log2FC_CP10k_pc0p01,300,18233,0.1868356690916061,166.58517530515346,0.04064286987444756,0.19771817301865163,0.29363635546939026,0.1269228223763256,0.2647884182009738
Shared,B,seen,mean_log1p_CP10k,272,18233,0.037025902122084356,143.84142278824652,0.032752179060159814,0.0336159635393901,0.02738352928816464,0.005269170421165014,0.026871797843622047
Shared,B,seen,bulk_log2FC_CP10k_pc0p01,272,18233,0.21273334769618257,190.0803785192286,0.02285355251951399,0.20886229129532782,0.30343191153907056,0.13995197779247084,0.2692292124793112
Shared,B,unseen,mean_log1p_CP10k,28,18233,0.03497120320920807,25.413979230702424,0.06858111942552886,-0.0019057537494493893,0.012884876323781227,0.002409547775303855,0.012657571544244428
Shared,B,unseen,bulk_log2FC_CP10k_pc0p01,28,18233,0.05695567146224628,26.160671321822665,0.052302090239527005,0.01963626843199896,0.1714852338764654,0.04092561535783011,0.16653011573060583
Shared,C,all,mean_log1p_CP10k,300,18233,0.02832850079289097,147.21757017231712,0.03283720286707,0.02436074812579552,0.02669676626794776,0.004493352136698182,0.026315909935646597
Shared,C,all,bulk_log2FC_CP10k_pc0p01,300,18233,0.19365101155928321,156.65444375129834,0.04294054533526683,0.20403046676758751,0.25962643211343406,0.11425067908086317,0.2331365835331581
Shared,C,seen,mean_log1p_CP10k,272,18233,0.031769423902650445,142.1073550226209,0.033414945156449556,0.028632568126906927,0.02772887330560699,0.004942388645423913,0.027284853110764378
Shared,C,seen,bulk_log2FC_CP10k_pc0p01,272,18233,0.21966884291706265,180.20932791685732,0.025803472885662104,0.21552701502455468,0.2690215578236211,0.1260872911423599,0.23764383767779393
Shared,C,unseen,mean_log1p_CP10k,28,18233,0.0367878303488681,25.510403672575574,0.07154228024191564,-0.0002703018113773542,0.012924237922358191,0.002478888723442135,0.012684283053074502
Shared,C,unseen,bulk_log2FC_CP10k_pc0p01,28,18233,0.04632836269422763,26.664381608751754,0.04828175342039713,0.01162904116549335,0.1384117128996538,0.029791770875322015,0.1351674985191651
Shared-QC,A,all,mean_log1p_CP10k,300,18233,0.029728236865124474,156.607926344562,0.02759137317902969,0.027315084548472826,0.027502132628114153,0.004741884248324943,0.027090253466327496
Shared-QC,A,all,bulk_log2FC_CP10k_pc0p01,300,18233,0.24221134646161324,143.97304692455742,0.04934225030973965,0.26060023579830804,0.2695527783987368,0.13266032429518104,0.23464854293256523
Shared-QC,A,seen,mean_log1p_CP10k,272,18233,0.03355490476972328,150.95056270506157,0.028083784063831108,0.03251063947018378,0.028571578679516124,0.005233741187445896,0.028088130258573863
Shared-QC,A,seen,bulk_log2FC_CP10k_pc0p01,272,18233,0.273634053005253,180.2028208129101,0.026442459325478538,0.27245960928134455,0.2798338742596951,0.14638121811867613,0.23849431055118153
Shared-QC,A,unseen,mean_log1p_CP10k,28,18233,0.033709397108527765,25.31461505747389,0.07756850074150506,-0.002172464123788135,0.0131841900546153,0.002420632988208258,0.01296006957283081
Shared-QC,A,unseen,bulk_log2FC_CP10k_pc0p01,28,18233,0.04064313323481285,26.70118111850071,0.045259310218305294,0.0036612468879489574,0.13337740075703083,0.02688907361637677,0.13063884855874486
Shared-QC,B,all,mean_log1p_CP10k,300,18233,0.03949035912432816,156.66232823251457,0.027170710735198677,0.03717297749061005,0.026644971418940035,0.005294937038587102,0.026113562447003087
Shared-QC,B,all,bulk_log2FC_CP10k_pc0p01,300,18233,0.21336161066519063,164.31903860698873,0.04198768245824783,0.2301798526727667,0.30259333031337804,0.1397711349798294,0.2683780046438073
Shared-QC,B,seen,mean_log1p_CP10k,272,18233,0.044313233326910305,151.25137219392775,0.027761523613385686,0.043410024586064244,0.02767576115605492,0.005825943838440571,0.02705561187551179
Shared-QC,B,seen,bulk_log2FC_CP10k_pc0p01,272,18233,0.24258394146679746,193.19730892043836,0.022501900592618678,0.24076385337897493,0.31298736039591407,0.15415507380893995,0.2723918151974506
Shared-QC,B,unseen,mean_log1p_CP10k,28,18233,0.03497120320920807,25.413979230702424,0.06858111942552886,-0.0019057537494493893,0.012884876323781227,0.002409547775303855,0.012657571544244428
Shared-QC,B,unseen,bulk_log2FC_CP10k_pc0p01,28,18233,0.05695567146224628,26.160671321822665,0.052302090239527005,0.01963626843199896,0.1714852338764654,0.04092561535783011,0.16653011573060583
Shared-QC,C,all,mean_log1p_CP10k,300,18233,0.03510046825857297,154.81945581893976,0.02768840582884489,0.03283959789731522,0.02697903394527099,0.005054554104916042,0.02650131610732872
Shared-QC,C,all,bulk_log2FC_CP10k_pc0p01,300,18233,0.2167350816322672,154.94314651634005,0.04422044896658642,0.2318109773163875,0.2669159430291085,0.12426222395967866,0.23622662919263135
Shared-QC,C,seen,mean_log1p_CP10k,272,18233,0.03947439168128766,149.57193918001894,0.028237661288886245,0.03895511012955238,0.028028574958369107,0.005568763070882606,0.027469799636278564
Shared-QC,C,seen,bulk_log2FC_CP10k_pc0p01,272,18233,0.24547909511149832,182.90627428097218,0.025619173062659432,0.24329913898596695,0.27677779451157836,0.1371319024916357,0.24041794619727958
Shared-QC,C,unseen,mean_log1p_CP10k,28,18233,0.0367878303488681,25.510403672575574,0.07154228024191564,-0.0002703018113773542,0.012924237922358191,0.002478888723442135,0.012684283053074502
Shared-QC,C,unseen,bulk_log2FC_CP10k_pc0p01,28,18233,0.04632836269422763,26.664381608751754,0.04828175342039713,0.01162904116549335,0.1384117128996538,0.029791770875322015,0.1351674985191651
