model,entry_id,prediction_sha256,vcc_sha256,receipt_sha256,rows,genes,stored_nnz,invalid_entries,empty_or_overlimit_cells,prediction_path
XGB-pair,BekjoBqdOayh8j6X61RP,62af7225c017d65570187925d9906e81adfda46f79545f04cf92a055cba278ca,d52077da18c104c157fea874a9dc9210b97dc4435ce934702caa56fb77f9a61e,6cd12919932ba503888a17f0b5bb0204be15c36045937bb1ee6a93d9bdd5e7c8,360000,18533,2091583476,0,0,experiments/exp001-context-pair-xgb/outputs/20260923-a/predictions.h5ad
Shared-shrink,LS34Z7nIuD3njQC4D4TM,5a6b3e48887796b1492893499147840458c4e2e47323910cb31e814502ef25fc,560f63b354e2b3d39db51efb2e712388edb5b626f9bb955a9c26751a1ce3eff3,f2a6cef3d1666962ccedea72b450bb1990b105ac1362d7160ed1518675a2c512,360000,18533,2077400504,0,0,experiments/exp002-response-transfer-validation/outputs/20260922-d/predictions.h5ad
Module-CVAE,wDKL5Vvgw5wf2LuqfdUG,3ca2e7eed47dd38647385afe03d6c8a2aab21c808167cb2bb09f01a470dbf3bb,d4d7e3d73d9bb4761a8320b928a738e36aeace270b9e7be6f03b98a559d874d9,59b9549e67ae5425c6c5ba429bc5095c591e36837685ee6a0cd54a66d1f1ce5f,360000,18533,2347119397,0,0,experiments/exp003-context-module-cvae/outputs/20260925-lodo-response-s17/predictions/leaderboard-holdout-H1-cycle-0004-seed-101/predictions.h5ad
Cond-CVAE-H1,payUWYmujElaWQXgnrgl,fb7971405b0d07d2418566ad35df0e577b360a74b13bf15b3b8dfb24bc06c641,2f9ef8a9e2594ee9a468072c4700dfbfbf4bdb760fc0b72c68b599259100e621,17c4686db483c0480f90e0eda0441f6cb7abb9c6acf00baefccd8efb23fc33d4,360000,18533,2097033529,0,0,experiments/exp004-shared-response/outputs/20260925-exp004-conditional-s17/predictions/leaderboard-holdout-H1-cycle-0011-seed-101/predictions.h5ad
Cond-CVAE-K562,8RFfav38cQ1NftnO8EFb,fa6aac3bbb3df8933a38b0c2473e01ecd8d5227b01c2cc0fd53816ead29f0137,bdc75cbf989ae2b2968066fa490213fb5010642b0e0ea9423217da13446230bc,f363f813c436ed397ac1785275b58561dea7e6a361983b0fb159a2cfe3570424,360000,18533,2205812105,0,0,experiments/exp004-shared-response/outputs/20260925-exp004-conditional-s17/predictions/leaderboard-holdout-K562-cycle-0001-seed-101/predictions.h5ad
XGB-logFC,VxirEGSQBl0HhgKDxIYj,07fa7d6d40830a731c08ab2dbe0dc8d218daa13d534d23e9493d616f4e53f7f4,4001093ad0047309a4381abbc860462553861a8d6aaf495a13925b31c6f5f562,0b63a9a7a7fb6b6a26faf1446892f619540065c4b0c4f3bbc440c595a8e3df77,360000,18533,2058908909,0,0,experiments/exp007/outputs/20260927-exp007-h1-log2fc-s17/predictions/leaderboard-round-0512-seed-101/predictions.h5ad
Linear,BpAGRy6zY8YFxKlLvmua,11da181feb25719587321fdfd19a1d0b1b5a819356f69a4cc836e7441bd74cb9,8f48739def592bf40b4eab413de48f50a9d7cedf5f1651143b03085e77d2eff3,f4656ae92fda3bfc45949b148083d6d81215c8ff17be29632794ecf6474c0be6,360000,18533,2100630769,0,0,experiments/init-linear/outputs/init-linear-s01/predictions/official-abc/linear/predictions.h5ad
Shared,vWd1Z4K9tJ2tjfns2gSj,01b99600e4525a9c2e38e746e5db1bd0cece9643e8facf062873e839fbd2d155,f66290b97485ad6342f4367cfba03f5dd9b3946ddbfb0fbfe18174aa1bb6f2ec,024dac1a0d29efbf20adf0395b771bebf7fa8fd14c095db7b2bcfa73b6fa2c2e,360000,18533,2089260177,0,0,experiments/init-linear/outputs/init-linear-s01/predictions/official-abc/shared/predictions.h5ad
Shared-QC,due9As7B4FXieRh6I8No,3c36c8bf453204b67ed5ffc798fa68e603709847cbbeff74242acc99c2c7f3eb,97c68d18b5c5386e4447afcefc5b529400dde901c7d07a3609dcb87addf8c745,4e9bce2dfcc7b77e698a5eb23b2bbe6f72eb5d0bd026c85814ddf688fe6f6aa5,360000,18533,2091611125,0,0,experiments/masked-response/outputs/masked-response-qc-s01/predictions/official-abc/linear/predictions.h5ad
