model,context,groups,cells,n_median,nnz_median,zero_fraction_median,negative_entries_median,nonfinite_entries_median,fractional_entries_median,empty_cells_median,depth_above_1e6_median,depth_mean_median,depth_min_median,depth_max_median,depth_cv_median,detected_mean_median,depth_detected_spearman_median,duplicate_fraction_median,depth_q01_median,depth_q05_median,depth_q50_median,depth_q95_median,depth_q99_median,detected_q01_median,detected_q05_median,detected_q50_median,detected_q95_median,detected_q99_median,raw_fano_median_mean_ge_0p1_median,raw_fano_below_one_fraction_median,cp_variance_ratio_median_median,cp_variance_ratio_below_0p1_median,cp_variance_ratio_above_10_median,cp_variance_ratio_genes_median,log_variance_ratio_median_median,log_response_rms_median,bulk_lfc_rms_median,count_mean_pearson_ntc_median,depth_wasserstein_over_ntc_mean_median,detected_shift_median,ntc_zero_to_pred_detected_genes_median,ntc_cp_ge_0p1_to_all_zero_genes_median,exact_ntc_cell_fraction_median,hvg128_covariance_pearson_ntc_median,hvg128_covariance_relative_error_median,target_ntc_cpm_median,target_pred_cpm_median,target_ratio_median,target_lfc_median,target_detection_pred_median,target_kd_eligible,target_ratio_median_eligible,target_down_fraction_eligible,target_half_fraction_eligible,target_up_1p2_fraction_eligible
XGB-pair,A,300,120000,400.0,2375532.5,0.6795537015054227,0.0,0.0,0.0,0.0,0.0,20896.8325,3374.0,50267.0,0.461456886029754,5938.83125,0.9922186223004044,0.0,4566.29,6641.7,19989.0,37999.299999999996,47493.875,2740.45,3557.95,6100.5,7608.4,7885.429999999999,1.5271910783161409,0.0066023108253004115,1.012197128956603,0.00010927767457108513,0.0,9151.0,0.9948870104378572,0.013466223212144296,0.1729934168368274,0.9996055135422802,0.015122333165617043,-34.56429347826088,0.0,0.0,0.0,0.9810087742121747,0.18510506528142662,59.06624277167394,6.130884682323627,0.10214489691799856,-3.1108579974565265,0.12125,299,0.10215899737897359,1.0,1.0,0.0
XGB-pair,B,300,120000,400.0,2219093.5,0.7006564641450386,0.0,0.0,0.0,0.0,0.0,20155.5525,760.0,41791.0,0.3881726862824777,5547.733749999999,0.9877727275577507,0.0,1792.0900000000001,7653.975000000004,19942.5,33398.74999999995,40742.814999999995,1340.9250000000002,3500.7500000000005,5741.5,6862.8499999999985,7304.52,1.3421700901728395,0.024490219543957917,0.8309199040078696,0.00046029919447640965,0.0,8690.0,0.948036869254177,0.013205223028252545,0.18216075844220475,0.9996693780414629,0.018933893416507485,28.88717391304317,0.0,0.0,0.0,0.9760184516743782,0.19646268461144728,43.89671604818437,4.209853477942676,0.09891400048120677,-3.0459595788462517,0.08625,295,0.09905744206593929,1.0,1.0,0.0
XGB-pair,C,300,120000,400.0,2377442.0,0.6792961204338208,0.0,0.0,0.0,0.0,0.0,21862.30625,3574.0,50477.0,0.43411933600835134,5943.605,0.9809953033715374,0.0,4560.95,7737.000000000002,20645.0,39529.84999999999,48987.30499999999,2782.73,3762.5000000000005,6092.5,7581.749999999998,7956.17,1.4252373363250193,0.019274762761653585,0.9774900932706263,0.00021908204622631176,0.0,9129.0,0.9694534548947891,0.013071123902382097,0.17292792312881233,0.9992630848528157,0.03638782174286831,62.41027173913017,0.0,0.0,0.0,0.9839468256053967,0.2130972605661688,44.157432851344254,4.370829688566143,0.1006948126433965,-3.0629570812151377,0.095,293,0.10050624161971902,1.0,1.0,0.0
Shared-shrink,A,300,120000,400.0,2393033.0,0.67719298008957,0.0,0.0,0.0,0.0,0.0,21311.465,3764.0,51347.0,0.45277518633529124,5982.5825,0.9909398880058082,0.0,4898.66,6626.900000000001,20674.0,38759.49999999996,47416.82499999998,2952.2650000000003,3536.9500000000003,6190.0,7556.149999999998,8020.25,1.5114210355477176,0.009814230659026795,0.9896643604215138,0.00010927767457108513,0.0,9151.0,0.966945049386974,0.014059784128295588,0.15881866334304828,0.9994196196198345,0.019951166683076733,9.18695652173892,0.0,0.0,0.0,0.9749444984057205,0.20493089081731608,59.06624277167394,5.9161307455233665,0.09907705817888125,-3.13722940733462,0.125,299,0.09908870439646661,1.0,1.0,0.0
Shared-shrink,B,300,120000,400.0,2188959.0,0.7047214428317057,0.0,0.0,0.0,0.0,0.0,19967.9625,862.0,41476.5,0.3938276687609701,5472.3975,0.9852280530425965,0.0,1085.375,5251.6,20212.5,32901.12499999999,38851.009999999995,860.54,2872.85,5771.5,6793.2249999999985,7086.155,1.3679184818457601,0.029104516475891594,0.9179285342518976,0.0005753739930955121,0.0,8690.0,0.9692588873528899,0.013834914489837407,0.19418407216900332,0.9996386126535464,0.016737011198899407,-46.449076086956666,0.0,0.0,0.0,0.9699678860939053,0.2137061631822687,43.89671604818437,4.588572513053084,0.09688299303796097,-3.0673377386607674,0.085,295,0.09687510166716336,1.0,1.0,0.0
Shared-shrink,C,300,120000,400.0,2344385.0,0.6837553283332434,0.0,0.0,0.0,0.0,0.0,21407.76125,3604.0,49883.0,0.4531396714628111,5860.9625,0.9864898706966163,0.0,4141.465,7383.700000000001,20610.5,40733.22499999998,48030.034999999996,2588.62,3597.35,6005.75,7583.075000000001,7965.105,1.4421570225708074,0.021841332236945135,1.001384796607667,0.00010954102311315588,0.0,9129.0,0.9799520550147267,0.013604133506368743,0.16213795537732456,0.9994369011483112,0.021426154073650595,-20.23222826086976,0.0,0.0,0.0,0.9844430318635211,0.1687749355104301,44.157432851344254,4.5322604066062055,0.10054872792326999,-3.05644090816765,0.09625,293,0.10076447930928427,1.0,1.0,0.0
Module-CVAE,A,300,120000,400.0,2747683.0,0.6293526412345545,0.0,0.0,0.0,0.0,0.0,25111.02,14081.5,42899.0,0.20012373732931538,6869.2075,0.9903328099263962,0.0,15829.79,17866.425000000003,24516.25,34674.34999999999,38952.35999999999,5820.889999999999,6134.975,6886.5,7550.599999999999,7771.174999999999,1.1971347561458106,0.07301141072523278,0.6357276001857259,0.00010927767457108513,0.0007649437219975958,9151.0,0.8497561365810811,0.05810491610540297,0.6062184194200102,0.9295778554979373,0.24659316779948193,895.8119565217389,2397.0,0.0,0.0,0.011084320495116734,0.9807405949131407,59.06624277167394,23.154708366723625,0.36285617091516537,-1.4149897703846428,0.42374999999999996,299,0.3626136014403217,1.0,0.8494983277591973,0.0
Module-CVAE,B,300,120000,400.0,2403450.0,0.6757877839529487,0.0,0.0,0.0,0.0,0.0,21205.87875,5007.5,27560.0,0.19647371724532225,6008.625,0.9472187778178178,0.0,5758.075,7619.25,22214.75,24497.6,25854.28,3125.565,3701.025,6197.25,6426.275,6545.125,1.1442222127691626,0.11969342460250645,0.6124667299618417,0.0023590333716915993,0.00011507479861910241,8690.0,0.9570300365926715,0.04328808113649171,0.6726105882523068,0.9801881156076189,0.20804481887022233,489.7784239130433,2851.0,0.0,0.0,0.005119212322698663,0.9721668752932042,43.89671604818437,8.927200552070511,0.22430501486048088,-2.013691800506421,0.17,295,0.22415203857570276,1.0,0.9966101694915255,0.0
Module-CVAE,C,300,120000,400.0,2674543.5,0.639218758430907,0.0,0.0,0.0,0.0,0.0,24656.10875,15547.5,31249.5,0.10807727146472197,6686.358749999999,0.972533430366013,0.0,17312.095,19538.550000000003,25161.75,28199.249999999996,29655.184999999998,5830.9400000000005,6126.525,6752.75,7024.575000000001,7136.015,1.1367138405055504,0.1281820825849104,0.6587059993647035,0.00021908204622631176,0.0002738525577828897,9129.0,0.8485328147380153,0.0411711749816598,0.555268781047203,0.9803135586565592,0.3120616301055362,805.16402173913,2315.0,0.0,0.0,0.011710732053416845,0.9803283939226812,44.157432851344254,19.08903313975258,0.42566636222434373,-1.1838381234992295,0.3625,293,0.4256257305027971,1.0,0.8293515358361775,0.0
Cond-CVAE-H1,A,300,120000,400.0,2464346.0,0.6675732477202827,0.0,0.0,0.0,0.0,0.0,18817.63125,10129.0,29680.0,0.21209340884461897,6160.865,0.9959938171364089,0.0,11173.175,12466.0,18909.25,25193.725,27433.624999999993,4893.0599999999995,5163.625,6238.5,6962.349999999999,7176.695,1.2341138953928545,0.054738400144717016,0.9074256434537142,0.0,0.0,9151.0,1.0556776065760463,0.024946159094131448,0.6206689028521248,0.9948268935612147,0.220579907230127,187.46945652173872,2395.0,0.0,0.0,0.004050123334681969,0.9550191564044842,59.06624277167394,14.347076116526065,0.24490372598162613,-1.9002035584988122,0.2325,299,0.24430875644645644,0.9966555183946488,0.8896321070234113,0.0
Cond-CVAE-H1,B,300,120000,400.0,2289989.5,0.6910929827874602,0.0,0.0,0.0,0.0,0.0,18877.23375,3722.0,22610.0,0.18602155475033078,5724.97375,0.9547914263338084,0.0,4600.965,7472.475,19527.75,21591.324999999997,22114.690000000002,2669.1949999999997,3634.775,5872.5,6128.15,6188.76,1.2014993154190843,0.07528427073871705,0.7542938973297344,0.002531645569620253,0.0,8690.0,1.038995602328177,0.019699324624125242,0.6267591675116373,0.9987843322103918,0.20890868002751403,206.1271739130434,2850.0,0.0,0.0,0.024264402796194517,0.9519287266067351,43.89671604818437,5.1805433360501665,0.12813775757803997,-2.6460691448457654,0.0925,295,0.12666131877534742,1.0,0.9796610169491525,0.0
Cond-CVAE-H1,C,300,120000,400.0,2241142.5,0.6976821750391193,0.0,0.0,0.0,0.0,0.0,16247.97125,10116.0,24391.5,0.1614097810260432,5602.85625,0.9937982616418111,0.0,11069.145,12165.525,16079.25,20675.149999999998,22495.445,4673.235,4908.275,5608.0,6264.075000000001,6473.389999999999,1.1699871560431208,0.0978017319872411,1.0466828446505074,0.0006572461386789353,0.0,9129.0,1.182134535976414,0.024332064767322456,0.6031070993966894,0.9968516481167102,0.2955606627356719,-278.33847826087003,2311.0,0.0,0.0,0.006989192215509806,0.9681837984262887,44.157432851344254,14.293668753447594,0.3617386846777651,-1.3999737859002788,0.20625,293,0.36082191773637196,1.0,0.8088737201365188,0.0
Cond-CVAE-K562,A,300,120000,400.0,2467197.0,0.6671886634651703,0.0,0.0,0.0,0.0,0.0,19961.896249999998,5569.5,45974.5,0.3885533222325973,6167.9925,0.9989062108374462,0.0,6915.62,8973.75,19001.0,34116.07499999999,40061.84,3674.025,4304.3,6249.75,7745.824999999999,8140.9,1.3416363844846817,0.03235405877578047,0.8866014961371986,0.00010927767457108513,0.0,9151.0,1.0294018745907176,0.025270693047187633,0.5963207695741217,0.9986412447877544,0.08734482816730868,194.59695652173878,2396.0,0.0,0.0,0.022544020015808075,0.9481573180108409,59.06624277167394,4.821402306706659,0.07735895930587733,-3.415376202480297,0.0925,299,0.07736948648065926,1.0,1.0,0.0
Cond-CVAE-K562,B,300,120000,400.0,2503318.0,0.6623161387794745,0.0,0.0,0.0,0.0,0.0,24235.51125,3906.0,39111.5,0.26316008641791316,6258.295,0.9929595670318794,0.0,4404.1,5837.050000000001,24977.0,32518.69999999999,35623.875,2604.035,3123.4,6468.0,7096.424999999999,7313.33,1.3133805568341632,0.0367302910199577,0.6801336169803871,0.0028768699654775605,0.0,8690.0,0.9326599369690542,0.02058041644999823,0.6565427888457871,0.9981505970338829,0.2242016170231541,739.4484239130434,2853.0,0.0,0.0,-0.0017467036344257017,0.9580939813031601,43.89671604818437,2.079271143457225,0.0470332584381241,-3.839910280812093,0.0475,295,0.04730007282217945,1.0,1.0,0.0
Cond-CVAE-K562,C,300,120000,400.0,2381672.0,0.6787255166459829,0.0,0.0,0.0,0.0,0.0,19240.3575,9103.0,34092.0,0.2268266798849845,5954.18,0.9963007338360221,0.0,10805.125,12712.675,18881.5,26909.899999999994,30312.619999999995,4571.305,4978.375,5974.75,6870.0,7159.199999999999,1.2605423655091004,0.055175808660598805,0.9660854805562742,0.0004381640924526235,0.0,9129.0,1.100879162229761,0.019722349502645696,0.6030905168609348,0.9992606918342068,0.18842866189148838,72.98527173912998,2316.0,0.0,0.0,0.008509894415987328,0.9714283631328142,44.157432851344254,5.117985133966936,0.1099863662211262,-2.922325757608049,0.09125,293,0.1099651245517591,1.0,1.0,0.0
XGB-logFC,A,300,120000,400.0,2364898.5,0.6809881697512545,0.0,0.0,0.0,0.0,0.0,21111.045,3553.5,51278.0,0.45652612503268764,5912.24625,0.9916797446918089,0.0,4624.05,6894.575000000001,20117.75,38601.7,47098.36,2775.94,3608.175,6082.75,7533.275,7909.705,1.5829696560747026,0.009530561080549458,1.0328442238110678,0.00010927767457108513,0.0,9151.0,0.9908674119871244,0.011371823546146537,0.09111459205042359,0.9984346250271667,0.025500774051783373,-61.149293478260915,0.0,0.0,0.0,0.9753700370656992,0.20597185598288792,59.06624277167394,3.2356602520004225,0.05675246508627996,-3.713755331760697,0.07125000000000001,299,0.056791457613992374,1.0,1.0,0.0
XGB-logFC,B,300,120000,400.0,2177465.0,0.7062719203582799,0.0,0.0,0.0,0.0,0.0,19988.725,770.0,41592.0,0.3828291976763806,5443.6625,0.9859058920951954,0.0,1068.395,5631.450000000001,19951.5,32809.875,38420.85999999999,841.5450000000001,2991.0,5679.5,6740.049999999999,7054.355,1.4109202518813506,0.027469359448602557,0.929053059398023,0.00034522439585730726,0.0,8690.0,0.9854114876374127,0.01098553885261325,0.11984815608780697,0.9990878469080284,0.021582636074546777,-75.1840760869568,0.0,0.0,0.0,0.9728717564378772,0.20919198143457135,43.89671604818437,1.6413965391142205,0.036136191501665596,-3.668891046312324,0.035,295,0.03842746920845785,1.0,1.0,0.0
XGB-logFC,C,300,120000,400.0,2320448.5,0.6869842308314897,0.0,0.0,0.0,0.0,0.0,21176.495,3713.5,49976.5,0.4375813015199297,5801.12125,0.9850960586865196,0.0,4853.045,7689.675,20034.25,38588.84999999998,46105.619999999995,2785.665,3675.825,5921.75,7458.049999999999,7829.58,1.481340792434285,0.021095176006376157,1.0193026549915223,0.00010954102311315588,0.0,9129.0,0.9867706670035161,0.010201909022459613,0.09968221371577296,0.999168673607061,0.02360275810332109,-80.0734782608697,0.0,0.0,0.0,0.9812268585855293,0.1803515972251713,44.157432851344254,1.400601995106483,0.036193226498765135,-3.7405974692885664,0.03,293,0.037551911618181534,1.0,1.0,0.0
Linear,A,300,120000,400.0,2412910.0,0.6745116818647817,0.0,0.0,0.0,0.0,0.0,21193.932500000003,3513.0,51352.0,0.45746443132179215,6032.275,0.9919514120327717,0.0,4579.67,6954.200000000001,20142.5,38755.64999999998,47070.31,2815.1000000000004,3681.775,6203.25,7707.374999999999,8099.754999999999,1.5193566757169945,0.022700529391130965,1.0046480414661298,0.0,0.0,9151.0,0.9962715061694366,0.022846902203203588,0.3869892461985184,0.9975007644363982,0.02576983950290073,58.87945652173903,152.0,0.0,0.0,0.9785114953058042,0.19516552192312278,59.06624277167394,44.27223999810745,0.8186320261019199,-0.28245780882190386,0.535,299,0.8176796887828335,0.8361204013377926,0.13043478260869565,0.010033444816053512
Linear,B,300,120000,400.0,2223649.0,0.7000419521933847,0.0,0.0,0.0,0.0,0.0,19985.262499999997,770.0,41596.5,0.3844061466461668,5559.1224999999995,0.9864617350216393,0.0,1039.12,5453.1,19919.25,32763.799999999996,38450.259999999995,845.4100000000001,2982.9,5799.5,6893.074999999999,7217.44,1.3398612349537582,0.043670335672554766,0.9067290791767504,0.00023014959723820482,0.00011507479861910241,8690.0,0.9851376361007016,0.023623804110084204,0.3632758300576506,0.9979647287224498,0.021779778716628045,40.27592391304324,130.0,0.0,0.0,0.9751259621188455,0.2000829865435887,43.89671604818437,30.700454144240986,0.7865257750511672,-0.3335065712345989,0.42,295,0.78574110420727,0.8677966101694915,0.15932203389830507,0.02711864406779661
Linear,C,300,120000,400.0,2367226.5,0.6806741353261749,0.0,0.0,0.0,0.0,0.0,21178.78375,3683.0,49983.5,0.4368973747434983,5918.06625,0.9856051465396846,0.0,4835.235000000001,7723.9,20069.0,38503.97499999999,46148.96,2818.1099999999997,3748.775,6039.0,7614.4,7989.514999999999,1.4170772343873637,0.0347085051110385,0.9966721796009521,0.00010954102311315588,0.0,9129.0,0.9923561298406844,0.023670324726385042,0.34354251879382164,0.9975748345938431,0.024480783598309692,36.87152173913,108.0,0.0,0.0,0.982205962081628,0.17676206078921688,44.157432851344254,27.272480923395914,0.7940624158176175,-0.32765892738052216,0.3975,293,0.7900318132281066,0.8498293515358362,0.17747440273037543,0.017064846416382253
Shared,A,300,120000,400.0,2393857.0,0.6770818270112772,0.0,0.0,0.0,0.0,0.0,21192.15125,3514.0,51353.5,0.45747913233087456,5984.6425,0.9916910854085043,0.0,4575.405000000001,6961.425,20147.25,38752.59999999996,47075.63,2806.715,3668.9,6159.5,7628.25,8004.4,1.5094013348886182,0.017480081672797722,0.9901034522794447,0.0,0.0,9151.0,0.9747479677499993,0.02486712799303795,0.2534272805787998,0.9974985158261429,0.025804137452986292,11.246956521738866,27.0,0.0,0.0,0.9785676155117318,0.19438732043161933,59.06624277167394,35.82342143025022,0.6831280603385095,-0.517876486662481,0.4575,299,0.6838900254807433,0.8662207357859532,0.2809364548494983,0.0033444816053511705
Shared,B,300,120000,400.0,2214519.0,0.7012735390924297,0.0,0.0,0.0,0.0,0.0,19984.95875,771.0,41588.0,0.38438984266135484,5536.297500000001,0.9861420761860823,0.0,1037.685,5450.700000000003,19930.5,32775.29999999999,38449.909999999996,843.8499999999999,2973.3,5772.75,6850.549999999999,7176.13,1.3363609179935712,0.04315805786644507,0.9046990238104505,0.00023014959723820482,0.00011507479861910241,8690.0,0.967485063826435,0.024174889635911155,0.2860875779068688,0.998084162219909,0.021817365557796044,17.450923913043425,28.0,0.0,0.0,0.9762582688332417,0.19776302356452907,43.89671604818437,24.439215554844893,0.6755989936032087,-0.5512260986069597,0.355,295,0.6690231847325872,0.8949152542372881,0.3254237288135593,0.020338983050847456
Shared,C,300,120000,400.0,2356780.5,0.6820832434036583,0.0,0.0,0.0,0.0,0.0,21179.309999999998,3680.5,49960.0,0.4368584854417976,5891.95125,0.9854035812193558,0.0,4836.76,7709.1,20086.75,38521.124999999985,46151.204999999994,2816.105,3737.6499999999996,6018.0,7564.15,7938.0599999999995,1.416898889952114,0.03170493055224094,0.9914553101386968,0.00010954102311315588,0.0,9129.0,0.9806680786051433,0.024459465844090245,0.25311539020458607,0.9977734853286209,0.024503068313752804,10.756521739130221,27.0,0.0,0.0,0.9828777076482724,0.17400434339139753,44.157432851344254,22.01452225294012,0.6707709749642118,-0.5468735380288812,0.33625000000000005,293,0.6546879260481534,0.8703071672354948,0.3174061433447099,0.010238907849829351
Shared-QC,A,300,120000,400.0,2395327.5,0.6768834646306587,0.0,0.0,0.0,0.0,0.0,21192.38375,3515.5,51365.0,0.4574645315695727,5988.31875,0.9917861507452395,0.0,4579.129999999999,6959.725,20142.0,38749.39999999996,47081.19,2807.2200000000003,3671.125,6165.25,7633.324999999999,8014.254999999999,1.5035989224896338,0.019280352367267564,0.985306512569712,0.0,0.0,9151.0,0.9711063944672658,0.025051502002262912,0.2638184254433782,0.9973795982580501,0.025827415929718284,14.923206521738848,28.0,0.0,0.0,0.9785299117255422,0.19404718218746883,59.06624277167394,35.682294895781766,0.6818221633229204,-0.5313696773581418,0.46125000000000005,299,0.6823594223903029,0.8795986622073578,0.2842809364548495,0.0033444816053511705
Shared-QC,B,300,120000,400.0,2217198.5,0.7009120892462095,0.0,0.0,0.0,0.0,0.0,19985.208749999998,771.5,41579.0,0.38439686527848865,5542.99625,0.9862632210224871,0.0,1036.725,5454.825000000003,19924.75,32779.274999999994,38441.625,844.3,2973.675,5780.5,6864.375,7190.094999999999,1.3313184661753754,0.0467364331485037,0.9022499553386514,0.00023014959723820482,0.00011507479861910241,8690.0,0.9651686484609743,0.02455445511481262,0.29798207986462977,0.998061375468209,0.021771973159955837,24.149673913043443,29.0,0.0,0.0,0.9762618289977856,0.19785709246796168,43.89671604818437,24.405543404853212,0.6753426497056705,-0.5546505839951665,0.35624999999999996,295,0.6723585098682716,0.8983050847457628,0.3254237288135593,0.020338983050847456
Shared-QC,C,300,120000,400.0,2360390.5,0.6815962742135651,0.0,0.0,0.0,0.0,0.0,21179.17875,3686.0,49977.5,0.43686515063639814,5900.97625,0.9855697515972432,0.0,4837.415000000001,7709.975,20080.5,38521.09999999999,46139.369999999995,2818.96,3744.125,6023.75,7573.424999999999,7950.07,1.41185811295126,0.03369805222884702,0.987970343252966,0.00010954102311315588,0.0,9129.0,0.9778700914650884,0.02485949401040132,0.2606199759538418,0.9976921955407458,0.02450781039844536,19.781521739130312,29.0,0.0,0.0,0.9828928199940208,0.1742634452956116,44.157432851344254,22.01452225294012,0.6706490389340374,-0.5483625170971795,0.33875,293,0.653300426188494,0.8737201365187713,0.32081911262798635,0.010238907849829351
