model,entry_id,status,model_name,description,is_final,submission_date,error_info,rank,score_avg,de_score,pert_score,mae_score,pds_cosine,expr_mse_unbiased_capped_norm,de_wilcoxon_lfc_nmae,de_wilcoxon_direction_fidelity_yield_raw,de_wilcoxon_direction_reach_raw,de_wilcoxon_sig_jaccard,score_pds,score_mse,score_nmae,score_fid,score_reach,score_jac,partition,panel_id,anchor_version,is_terminal
XGB-pair,BekjoBqdOayh8j6X61RP,published,ContextRelationXGB-v1-20260923-a,"Pure CRISPRi supervised gene-pair XGBoost conditioned on NTC state, STRING/Reactome and context-specific relationship proxies; Issue #31.",False,2026-09-23T04:35:14.227386Z,,990,-0.3031533362376881,,,,0.5036417688591602,2.0933748733023436,0.999827218130543,0.0007719126339260146,0.058913555288730095,4.806478119476163e-06,0.0075891087004410435,0,0.001819425022183352,-1.7229541036148917,-0.022812215571578618,-0.08256223196228256,val,vcc2026-val-1,vcc2026-valA-r4+vcc2026-valB-r4+vcc2026-valC-r4,True
Shared-shrink,LS34Z7nIuD3njQC4D4TM,published,SharedResponseShrink-v1-20260922-d,"Pure CRISPRi shared-response baseline, donor-support calibrated shrinkage; Issue #30.",False,2026-09-23T02:29:22.729543Z,,907,-0.19783838520265315,,,,0.6058788554440728,1.9733473689953565,0.9832530689795216,0.08589467392005781,0.12519633029837313,0.007896302641249568,0.23231572444080584,0,0.02930182348721444,-1.4390330044194959,0.05203508463581377,-0.06164993936025706,val,vcc2026-val-1,vcc2026-valA-r4+vcc2026-valB-r4+vcc2026-valC-r4,True
Module-CVAE,wDKL5Vvgw5wf2LuqfdUG,published,ContextModuleCVAE-c4-20260925-lodo-response-s17,"Frozen holdout-H1 cycle-4 ModuleCVAE; trained on K562, RPE1, HepG2 and Jurkat. Generation seed 101. Local H1 validation mean -0.0676358348. Issue #33.",False,2026-09-25T17:40:32.869412Z,,831,-0.0359001762809233,,,,0.5010479375696768,11.96657588276176,1.100267321767863,0.5059454966656046,0.049203660937253,0.029536756879941728,0.002144844882275372,0,-0.1568508279618749,-0.024458006432739505,-0.0338254322773848,-0.002411635895815951,val,vcc2026-val-1,vcc2026-valA-r4+vcc2026-valB-r4+vcc2026-valC-r4,True
Cond-CVAE-H1,payUWYmujElaWQXgnrgl,published,Exp004-Conditional-c11-20260925-s17,"Shared-response conditional NB CVAE; training run 20260925-exp004-conditional-s17, H1-held-out checkpoint cycle 11. Trained on K562, RPE1, HepG2 and Jurkat. Shared annotation readouts and state-conditioned low-rank relations. Fixed checkpoint; official A/B/C NTC inputs; 400 generated count cells per target/context; generation seed 101 on CPU. No retraining or prediction clipping.",False,2026-09-26T14:02:27.369750Z,,828,-0.0311304299308339,,,,0.4993831289483463,3.762586174763562,0.997795659435246,0.4668954707509087,0.07515088164109165,0.019625530305909102,-0.0014925734259211062,0,0.005569874538486563,-0.15753545138645245,-0.004022241631702243,-0.02930218767941416,val,vcc2026-val-1,vcc2026-valA-r4+vcc2026-valB-r4+vcc2026-valC-r4,True
Cond-CVAE-K562,8RFfav38cQ1NftnO8EFb,published,Exp004-K562-c1-20260925-s17,"Exp004 conditional shared-response CVAE; K562 holdout checkpoint cycle 1, step 1631, training seed 17. Trained on H1/RPE1/HepG2/Jurkat. Unchanged checkpoint, official A/B/C NTC conditioning, CPU generation seed 101, 400 cells per target. Validation feedback is for development.",False,2026-09-26T18:13:05.564279Z,,881,-0.05696364053775268,,,,0.49528799702712745,3.1264324479011596,1.0056740393996184,0.4313601812882618,0.0721261249813792,0.014927603089548604,-0.01045869658638554,0,-0.006873265816489764,-0.27396656461920343,-0.007732621461093488,-0.04275069474334378,val,vcc2026-val-1,vcc2026-valA-r4+vcc2026-valB-r4+vcc2026-valC-r4,True
XGB-logFC,VxirEGSQBl0HhgKDxIYj,published,Exp007-Log2FC-r512-20260927-exp007-h1-log2fc-s17,"XGBoost predicts log2 fold changes of arithmetic per-cell CPM means. Trained on K562, RPE1, HepG2 and Jurkat; checkpoint selected using H1 development validation, no refit. A/B/C NTC-conditioned STRING, Reactome and CollecTRI features; NTC template count generation.",False,2026-09-27T03:43:41.048286Z,,936,-0.12779834383804198,,,,0.49967670011148274,1.4752967417546188,1.0001942608889167,0.30974049436509715,0.06739505731645624,0.0055209434042492,4.985816325945499e-05,0,0.0008909580513084547,-0.6867549109343541,-0.013233788824795168,-0.06774217948367045,val,vcc2026-val-1,vcc2026-valA-r4+vcc2026-valB-r4+vcc2026-valC-r4,True
Linear,BpAGRy6zY8YFxKlLvmua,published,init-linear-s01-linear,"Fixed init-linear-s01 checkpoint, trained on K562/RPE1/HepG2/Jurkat; H1 excluded. Official A/B/C NTC log-shift, library preservation, stochastic rounding, seed 1. Paired linear/shared audit, no refit or calibration to leaderboard.",False,2026-09-28T13:13:09.831823Z,,684,0.03380435482721896,,,,0.5800743218134522,4.096191449073529,0.9668798416196007,0.4945753200428106,0.13918004881469856,0.01937849469944497,0.17376696475860418,0,0.05272148212331096,-0.06119677865782829,0.06763498224737398,-0.030100521508147033,val,vcc2026-val-1,vcc2026-valA-r4+vcc2026-valB-r4+vcc2026-valC-r4,True
Shared,vWd1Z4K9tJ2tjfns2gSj,published,init-linear-s01-shared,"Fixed init-linear-s01 checkpoint, trained on K562/RPE1/HepG2/Jurkat; H1 excluded. Official A/B/C NTC log-shift, library preservation, stochastic rounding, seed 1. Paired linear/shared audit, no refit or calibration to leaderboard.",False,2026-09-28T13:42:19.060302Z,,651,0.04897479831660533,,,,0.6690561129691565,4.531899648503604,0.9709478831711583,0.45485328574008116,0.1688709273504775,0.01904739669917965,0.37124482673379755,0,0.046465682206470925,-0.1944977810303019,0.10154912557431378,-0.030913063584648338,val,vcc2026-val-1,vcc2026-valA-r4+vcc2026-valB-r4+vcc2026-valC-r4,True
Shared-QC,due9As7B4FXieRh6I8No,published,masked-response-qc-s01-shared-low-depth,"Frozen shared response after coverage-protected low-depth training QC. Trained K562/RPE1/HepG2/Jurkat, H1 excluded. Full official A/B/C NTC, seed 1, no refitting. Unseen targets and unmeasured training genes have zero delta.",False,2026-09-29T15:05:05.052875Z,,664,0.050078800485630855,,,,0.6713749535488666,4.723512797105159,0.970748333539384,0.45415571179158476,0.17226757908380919,0.018915499830660872,0.37632501732515916,0,0.046840064767249334,-0.19687199760606688,0.10543222814377118,-0.031252509716327655,val,vcc2026-val-1,vcc2026-valA-r4+vcc2026-valB-r4+vcc2026-valC-r4,True
