target_gene,H1_eligible_cells,K562_eligible_cells,RPE1_eligible_cells,HepG2_eligible_cells,Jurkat_eligible_cells
ABCD1,0,0,0,0,0
ACLY,1026,90,0,0,0
ADNP,291,156,0,0,0
AGO1,0,165,0,0,0
AKAP1,0,126,0,0,0
AKIRIN1,0,126,0,0,0
AKT2,938,105,0,0,0
ALG12,0,168,0,0,0
ANKRD52,0,13,0,0,0
ANKZF1,1063,252,0,0,0
ANP32B,0,260,0,0,0
AP2A2,0,193,0,0,0
API5,0,206,0,0,0
ARL14EP,0,233,0,0,0
ASCC2,0,182,0,0,0
BCKDK,0,293,0,0,0
BCL6,0,155,0,0,0
BCL7C,0,119,0,0,0
BRD1,0,246,0,0,0
BRPF1,366,230,0,0,0
C5orf22,0,208,0,0,0
CAND1,0,59,0,0,0
CAPRIN2,0,0,0,0,0
CARM1,0,156,0,0,0
CAT,0,220,0,0,0
CCDC112,0,91,0,0,0
CDK8,0,181,0,0,0
CHD3,0,174,0,0,0
CHD6,0,185,0,0,0
CHKB,0,197,0,0,0
CLCN6,0,236,0,0,0
COIL,0,148,0,0,0
COMMD8,0,157,0,0,0
COQ10B,0,160,0,0,0
CSNK2A1,0,153,0,0,0
CYTH2,0,203,0,0,0
DBF4B,0,158,0,0,0
DBN1,0,187,0,0,0
DCAF16,0,84,0,0,0
DCP2,0,241,0,0,0
DDHD1,0,126,0,0,0
DEAF1,0,100,0,0,0
DEK,0,140,0,0,0
DHRS1,0,126,0,0,0
DHX35,0,71,0,0,0
DLAT,0,18,0,0,0
DMTF1,0,40,0,0,0
DNTTIP1,0,267,0,0,0
DRG2,0,188,0,0,0
DTNBP1,0,327,0,0,0
DVL3,0,338,0,0,0
E2F1,0,226,0,0,0
E2F4,0,158,0,0,0
EAPP,0,216,0,0,0
EEF1A2,0,273,0,0,0
ELK1,0,143,0,0,0
EPC2,0,259,0,0,0
EPHB2,0,0,0,0,0
EPM2AIP1,0,87,0,0,0
EZH2,0,198,0,0,0
FAM120A,0,228,0,0,0
FCGRT,0,224,0,0,0
FHL3,0,320,0,0,0
FOXN2,0,232,0,0,0
FOXO4,0,293,0,0,0
FUBP3,0,118,0,0,0
FXYD5,0,318,0,0,0
FZD2,0,187,0,0,0
GIGYF2,0,251,0,0,0
GLI3,0,324,0,0,0
GLYR1,0,237,0,0,0
GMEB2,0,140,0,0,0
GPATCH8,0,284,0,0,0
GRAMD1A,0,255,0,0,0
GTF2IRD1,0,93,0,0,0
HDAC1,0,165,0,0,0
HDAC8,1204,133,0,0,0
HEATR6,0,0,0,0,0
HMGN3,0,130,0,0,0
HMGN4,0,177,0,0,0
HMGXB3,0,342,0,0,0
HOMEZ,0,198,0,0,0
HSBP1,166,168,0,0,0
HSP90AB1,0,74,0,0,0
IFI27L2,0,89,0,0,0
IFNAR2,0,183,0,0,0
IFNGR2,0,295,0,0,0
IL10RB,0,241,0,0,0
IREB2,0,157,0,0,0
KDM5A,0,185,0,0,0
KHDRBS1,0,129,0,0,0
KHSRP,0,101,0,0,0
KIF21B,0,0,0,0,0
KIF2A,0,301,0,0,0
KMT2A,0,205,0,0,0
LDLR,0,175,0,0,0
LENG1,0,66,0,0,0
LMAN1,0,244,0,0,0
LMBRD2,0,169,0,0,0
LPCAT3,0,129,0,0,0
MAN2A1,0,196,0,0,0
MAP2K2,0,185,0,0,0
MAPK12,0,46,0,0,0
MAPK7,0,0,0,0,0
MARCKSL1,0,150,0,0,0
MBD4,0,200,0,0,0
MED13,2787,268,0,0,0
MED15,3637,306,0,0,0
MED25,2028,186,0,0,0
MLKL,0,0,0,0,0
MLLT10,0,198,0,0,0
MSANTD4,0,140,0,0,0
MSI2,0,136,0,0,0
MTA1,1434,144,0,0,0
MTF1,0,168,0,0,0
MTHFSD,0,188,0,0,0
MTM1,0,188,0,0,0
MYD88,0,355,0,0,0
MYPOP,0,144,0,0,0
MYRF,0,450,0,0,0
NABP2,0,664,0,0,0
NAIF1,0,264,0,0,0
NCLN,0,74,0,0,0
NFE2L1,926,93,0,0,0
NGLY1,0,212,0,0,0
NICN1,0,0,0,0,0
NIPAL3,0,133,0,0,0
NIPSNAP3A,0,123,0,0,0
NT5DC1,0,207,0,0,0
NUP37,0,135,0,0,0
PAN2,0,215,0,0,0
PAPOLA,0,48,0,0,0
PARP3,0,0,0,0,0
PATL1,0,112,0,0,0
PBLD,0,0,0,0,0
PCGF1,0,260,0,0,0
PCGF6,0,179,0,0,0
PDCD4,0,190,0,0,0
PDE6D,0,311,0,0,0
PDK1,0,69,0,0,0
PDK3,0,0,0,0,0
PGLS,0,231,0,0,0
PHF11,0,0,0,0,0
PHF19,0,18,0,0,0
PHF23,0,261,0,0,0
PHF8,0,188,0,0,0
PI4KB,0,63,0,0,0
PIM2,0,216,0,0,0
PIN1,0,37,0,0,0
PINK1,0,1745,0,0,0
PKN3,0,197,0,0,0
PLAGL2,3642,278,0,0,0
PLCG1,0,213,0,0,0
PNP,0,270,0,0,0
POLD4,0,352,0,0,0
POR,0,260,0,0,0
PPIF,0,256,0,0,0
PPIP5K2,0,121,0,0,0
PQBP1,0,135,0,0,0
PRDX3,0,217,0,0,0
PRKAB2,0,272,0,0,0
PRKACA,0,64,0,0,0
PRMT2,0,217,0,0,0
PRMT6,0,113,0,0,0
PRMT7,0,157,0,0,0
PRNP,0,193,0,0,0
PSKH1,0,110,0,0,0
PSMB9,0,0,0,0,0
PTMS,0,186,0,0,0
PTOV1,0,79,0,0,0
PYCR1,0,355,0,0,0
R3HCC1L,0,134,0,0,0
RAB11FIP5,0,0,0,0,0
RAB5A,0,163,0,0,0
RABEP2,0,254,0,0,0
RBM18,0,168,0,0,0
RBM26,0,168,0,0,0
RBM4B,0,199,0,0,0
RBM5,0,99,0,0,0
RC3H2,0,166,0,0,0
REV1,0,147,0,0,0
RFK,0,46,0,0,0
RNF10,0,281,0,0,0
RNF141,0,314,0,0,0
RNF2,1844,114,0,0,0
RSRC1,0,69,0,0,0
S100A11,0,199,0,0,0
SAP30L,0,149,0,0,0
SCAF8,0,181,0,0,0
SEMA4F,0,0,0,0,0
SFXN4,0,149,0,0,0
SH2D3A,0,175,0,0,0
SHPRH,241,224,0,0,0
SIN3B,586,92,0,0,0
SLC25A13,0,152,0,0,0
SLC39A1,0,203,0,0,0
SLC44A1,0,0,0,0,0
SLIRP,2000,49,0,0,0
SMARCA5,1795,140,0,0,0
SMARCC2,0,272,0,0,0
SMYD2,0,205,0,0,0
SND1,0,207,0,0,0
SNN,0,0,0,0,0
SNRK,0,224,0,0,0
SNX4,0,74,0,0,0
SOCS5,0,0,0,0,0
SPATA20,0,0,0,0,0
SRSF5,0,201,0,0,0
SSR4,0,128,0,0,0
STAT6,858,23,0,0,0
STK3,0,185,0,0,0
STT3A,0,66,0,0,0
SUPT7L,0,127,0,0,0
SYVN1,0,169,0,0,0
TAF15,0,282,0,0,0
TAF4,0,0,0,0,0
TARBP2,2032,92,0,0,0
TBC1D13,0,200,0,0,0
TBC1D19,0,0,0,0,0
TBCK,0,188,0,0,0
TDRD7,0,0,0,0,0
TEAD4,0,144,0,0,0
TESK2,0,0,0,0,0
TEX2,0,290,0,0,0
TFCP2,0,330,0,0,0
THAP3,0,146,0,0,0
THAP7,0,299,0,0,0
TIMM17B,0,138,0,0,0
TIMM50,0,53,0,0,0
TMCO6,0,113,0,0,0
TMED3,0,258,0,0,0
TMEM104,0,0,0,0,0
TMEM147,0,93,0,0,0
TMEM186,0,79,0,0,0
TMEM209,0,197,0,0,0
TMEM41B,0,41,0,0,0
TMEM79,0,0,0,0,0
TMF1,0,143,0,0,0
TRAPPC6A,589,163,0,0,0
TRIB3,0,167,0,0,0
TRIM35,0,382,0,0,0
TRIP4,0,137,0,0,0
TRMT1,0,177,0,0,0
TRPC4AP,0,99,0,0,0
TTBK2,0,0,0,0,0
TWF2,1008,284,0,0,0
TXNDC16,0,0,0,0,0
UNK,0,225,0,0,0
UPF3B,0,193,0,0,0
UROS,0,217,0,0,0
USP28,0,180,0,0,0
VAPB,0,148,0,0,0
VIM,0,100,0,0,0
WBP4,0,234,0,0,0
YIPF6,0,81,0,0,0
ZBTB34,0,154,0,0,0
ZBTB41,0,154,0,0,0
ZBTB48,0,83,0,0,0
ZC2HC1A,0,0,0,0,0
ZC3HAV1,0,183,0,0,0
ZDHHC12,0,282,0,0,0
ZDHHC4,0,125,0,0,0
ZFP62,204,131,0,0,0
ZHX3,0,261,0,0,0
ZKSCAN1,0,323,0,0,0
ZKSCAN2,0,136,0,0,0
ZKSCAN3,0,92,0,0,0
ZNF16,0,88,0,0,0
ZNF174,0,23,0,0,0
ZNF219,0,74,0,0,0
ZNF22,0,149,0,0,0
ZNF25,0,184,0,0,0
ZNF251,0,219,0,0,0
ZNF280C,0,64,0,0,0
ZNF282,0,362,0,0,0
ZNF32,699,108,0,0,0
ZNF324,0,47,0,0,0
ZNF397,0,63,0,0,0
ZNF410,0,125,0,0,0
ZNF444,0,198,0,0,0
ZNF462,0,300,0,0,0
ZNF496,0,148,0,0,0
ZNF507,0,279,0,0,0
ZNF514,0,300,0,0,0
ZNF526,0,212,0,0,0
ZNF530,0,264,0,0,0
ZNF543,0,211,0,0,0
ZNF627,0,150,0,0,0
ZNF628,0,147,0,0,0
ZNF641,0,144,0,0,0
ZNF670,0,101,0,0,0
ZNF714,852,67,0,0,0
ZNF740,0,151,0,0,0
ZNF768,0,168,0,0,0
ZNF777,0,70,0,0,0
ZNF783,0,166,0,0,0
ZNF784,0,182,0,0,0
ZNF786,0,152,0,0,0
ZNF821,0,336,0,0,0
ZRANB3,0,45,0,0,0
